employee_id,survey_date,survey_cycle,engagement_score,eNPS,manager_score,belonging_score,response_flag,country,department,business_unit,job_level,manager_id
1,2017-09-15,2017,3.6777813508402852,5.0,3.4013996675014067,3.698684041079211,1,BR,Regional Operations,Retail,IC1,12
3,2017-09-15,2017,3.651071425821636,5.0,3.5993418039264777,3.7953073008226315,1,BR,Distribution Centers,Supply Chain,IC1,48
6,2017-09-15,2017,3.6312458307489277,5.0,3.954258411664656,4.5762707448350435,1,BR,Product,Digital,IC3,192
8,2017-09-15,2017,3.574837890449689,5.0,2.559446834020796,3.4436402833541035,1,BR,Digital Marketing,Digital,M2,121
9,2017-09-15,2017,,,,,0,BR,Planning,Supply Chain,IC3,335
10,2017-09-15,2017,3.0430687928229796,5.0,3.1526169252028464,2.2493896909892035,1,BR,Procurement,Supply Chain,M4,309
11,2017-09-15,2017,3.914010282574523,5.0,4.431729684013074,3.3419065469777287,1,BR,Visual Merchandising,Retail,IC2,273
12,2017-09-15,2017,3.4335907901704066,5.0,3.6914345506020028,3.8514825086744686,1,BR,Regional Operations,Retail,IC3,98
13,2017-09-15,2017,2.974143772178261,5.0,3.1381603638698574,2.328548728705046,1,BR,Regional Operations,Retail,IC1,174
14,2017-09-15,2017,3.8926522463269118,5.0,3.8092308502983405,5.0,1,BR,Marketing,Corporate,M3,309
16,2017-09-15,2017,3.647673759201577,5.0,2.12027844546186,3.647534882671805,1,BR,Customer Experience,Customer,IC1,90
17,2017-09-15,2017,4.22514807402457,5.0,3.958062336424776,3.9422734291693184,1,BR,Sales,Retail,IC1,26
18,2017-09-15,2017,,,,,0,BR,Regional Operations,Retail,IC3,98
20,2017-09-15,2017,,,,,0,BR,Distribution Centers,Supply Chain,IC1,48
21,2017-09-15,2017,3.918852981429331,5.0,2.219270256334436,3.9638485971742266,1,BR,Sales,Retail,IC2,585
24,2017-09-15,2017,3.2404408371910987,5.0,3.435019400987914,4.1214377721339375,1,BR,Sales,Retail,IC2,585
26,2017-09-15,2017,,,,,0,BR,Sales,Retail,IC2,585
27,2017-09-15,2017,3.1058180265560864,5.0,3.4457424642400936,2.971264495407088,1,BR,Finance,Corporate,IC3,29
28,2017-09-15,2017,3.1522501424951583,5.0,4.579265539849972,2.7617698893849414,1,BR,Finance,Corporate,IC2,630
29,2017-09-15,2017,4.3261417737015995,10.0,4.479612595905141,4.230307635362726,1,BR,Strategy,Corporate,IC5,193
30,2017-09-15,2017,3.462874399312876,5.0,4.0948245837982435,2.744411038462238,1,BR,Customer Operations,Customer,IC1,165
31,2017-09-15,2017,3.2634327461407664,5.0,3.1031588543910513,3.3336214380907276,1,BR,Regional Operations,Retail,IC2,34
32,2017-09-15,2017,3.5098814517183747,5.0,4.311380153156751,3.4225225869890106,1,BR,Visual Merchandising,Retail,IC2,294
33,2017-09-15,2017,4.014499349633683,5.0,3.912179438765255,2.8191408403342306,1,BR,Sales,Retail,IC1,61
34,2017-09-15,2017,,,,,0,BR,Regional Operations,Retail,IC3,98
36,2017-09-15,2017,3.1583436200430652,5.0,2.576142916640049,2.796572403792239,1,BR,Distribution Centers,Supply Chain,IC1,48
42,2017-09-15,2017,,,,,0,BR,Sales,Retail,IC2,585
43,2017-09-15,2017,3.1670668975349017,5.0,2.2058919084117106,4.386670784977842,1,BR,Distribution Centers,Supply Chain,IC2,517
45,2017-09-15,2017,3.305300792012968,5.0,4.130990629216738,3.8603493150852684,1,BR,Procurement,Corporate,IC4,187
46,2017-09-15,2017,,,,,0,BR,Procurement,Supply Chain,IC1,49
47,2017-09-15,2017,3.407444361224143,5.0,3.1681740863647647,3.170421878413066,1,BR,Procurement,Corporate,IC3,45
48,2017-09-15,2017,2.92117274387188,5.0,2.375374822651016,3.4436611939225865,1,BR,Distribution Centers,Supply Chain,IC3,297
49,2017-09-15,2017,3.364072074662521,5.0,3.67770515518478,2.9903820755537827,1,BR,Procurement,Supply Chain,IC2,319
50,2017-09-15,2017,3.886501807386104,5.0,4.012817411356348,4.3068456001792885,1,BR,Data & Analytics,Corporate,IC1,384
55,2017-09-15,2017,,,,,0,BR,Legal,Corporate,IC2,119
57,2017-09-15,2017,,,,,0,BR,People,Corporate,IC1,156
59,2017-09-15,2017,,,,,0,BR,Strategy,Corporate,IC1,162
60,2017-09-15,2017,,,,,0,BR,Marketing,Corporate,IC4,321
61,2017-09-15,2017,,,,,0,BR,Sales,Retail,IC2,585
62,2017-09-15,2017,3.3224373805193337,5.0,3.0172173759403047,3.4462883775164257,1,BR,Procurement,Corporate,D1,
63,2017-09-15,2017,3.082938258324001,5.0,3.6999551341824857,2.9426991066827304,1,BR,Distribution Centers,Supply Chain,IC1,48
64,2017-09-15,2017,3.104798905676643,5.0,2.492040180965571,3.7966837145148156,1,BR,Sales,Retail,IC1,139
65,2017-09-15,2017,3.9194103684706136,5.0,4.3260876319728006,4.960892960629941,1,BR,Sales,Retail,M2,14
66,2017-09-15,2017,3.962861863115807,5.0,4.500926560088622,3.987918322858628,1,BR,Store Operations,Retail,IC1,21
69,2017-09-15,2017,4.781942044086622,10.0,4.412021193689146,4.788906303645189,1,BR,Logistics,Supply Chain,IC1,276
70,2017-09-15,2017,3.9583236294396382,5.0,4.41965973771463,4.729945817184243,1,BR,Data,Digital,M2,121
71,2017-09-15,2017,,,,,0,BR,Visual Merchandising,Retail,IC2,273
72,2017-09-15,2017,3.192300396397373,5.0,2.8167726263816624,5.0,1,BR,Risk,Corporate,IC1,73
73,2017-09-15,2017,4.028574461980117,5.0,4.941847859315173,5.0,1,BR,Risk,Corporate,IC2,261
74,2017-09-15,2017,2.569674616881192,0.0,2.1235369463643186,2.993723656789468,1,BR,Sales,Retail,IC1,160
75,2017-09-15,2017,3.428658579929663,5.0,2.710034480645448,2.2642832000310205,1,BR,Legal,Corporate,IC1,155
76,2017-09-15,2017,3.2436783382934276,5.0,3.012218684838919,3.0155465908784107,1,BR,People,Corporate,IC1,200
77,2017-09-15,2017,,,,,0,BR,Store Operations,Retail,IC2,467
78,2017-09-15,2017,3.919002142916651,5.0,3.761095164987429,2.727313153704946,1,BR,Visual Merchandising,Retail,IC2,586
79,2017-09-15,2017,,,,,0,BR,Sales,Retail,M1,65
80,2017-09-15,2017,,,,,0,BR,Regional Operations,Retail,IC1,31
81,2017-09-15,2017,,,,,0,BR,Product,Digital,M1,281
82,2017-09-15,2017,2.517087791738062,0.0,1.6246822461111985,1.6218234170067551,1,BR,Procurement,Corporate,IC4,187
83,2017-09-15,2017,4.138631207582968,5.0,3.6411980591297324,3.7938878494703894,1,BR,Customer Service,Customer,IC1,242
84,2017-09-15,2017,,,,,0,BR,Procurement,Supply Chain,IC1,318
85,2017-09-15,2017,4.2538953460979805,5.0,3.9208909205279467,4.13920788222221,1,BR,Sales,Retail,IC1,391
86,2017-09-15,2017,3.8139840333821278,5.0,3.3115544667173693,3.337932738192672,1,BR,Engineering,Digital,IC4,177
88,2017-09-15,2017,,,,,0,BR,Procurement,Corporate,IC2,138
89,2017-09-15,2017,,,,,0,BR,Finance,Corporate,IC3,218
90,2017-09-15,2017,3.800155212242171,5.0,2.2488040706869477,4.4367323779505545,1,BR,Customer Experience,Customer,IC2,194
91,2017-09-15,2017,,,,,0,BR,Store Operations,Retail,IC1,308
92,2017-09-15,2017,4.167022574607268,5.0,3.8752182226102865,3.6628290247451782,1,BR,Data & Analytics,Corporate,IC4,196
93,2017-09-15,2017,4.160200788370624,5.0,3.5108582541892472,4.500816702931227,1,BR,Customer Service,Customer,IC1,189
94,2017-09-15,2017,3.5758955168573134,5.0,3.753849693288438,3.9400390002534027,1,BR,Store Operations,Retail,IC1,316
95,2017-09-15,2017,4.2119086873535485,5.0,4.765157797188224,3.838965664574304,1,BR,Regional Operations,Retail,IC1,251
96,2017-09-15,2017,3.752039536725223,5.0,3.6850429180285036,3.9506487346305397,1,BR,Visual Merchandising,Retail,IC1,142
98,2017-09-15,2017,,,,,0,BR,Regional Operations,Retail,M1,65
100,2017-09-15,2017,3.2766025547581963,5.0,3.094284201484236,2.651446522514933,1,BR,Finance,Corporate,IC2,254
101,2017-09-15,2017,2.66317201769796,0.0,3.231782414988617,1.0035171704766257,1,BR,Customer Operations,Customer,IC1,550
102,2017-09-15,2017,4.3408376962575685,10.0,4.452269472630078,5.0,1,BR,Customer Experience,Customer,IC1,90
105,2017-09-15,2017,,,,,0,BR,Finance,Corporate,IC1,296
106,2017-09-15,2017,3.3161318336109726,5.0,2.3299047075248525,3.8943155650324615,1,BR,E-commerce,Digital,IC2,199
107,2017-09-15,2017,3.604135625059327,5.0,3.368728287537258,3.1734016982136772,1,BR,Sales,Retail,IC1,139
109,2017-09-15,2017,,,,,0,BR,Distribution Centers,Supply Chain,IC2,48
113,2017-09-15,2017,3.908351865171724,5.0,4.347337620951737,3.5947869396578698,1,BR,People,Corporate,IC2,183
115,2017-09-15,2017,,,,,0,BR,Regional Operations,Retail,IC2,518
116,2017-09-15,2017,3.163720057581377,5.0,2.058181089898402,2.867174901328914,1,BR,Product,Digital,IC2,6
117,2017-09-15,2017,3.045698872705895,5.0,3.17057926742666,3.4825130539641966,1,BR,Risk,Corporate,IC2,261
118,2017-09-15,2017,2.7241112858881924,0.0,2.7732386774497977,3.571167542958232,1,BR,Product,Digital,IC2,81
119,2017-09-15,2017,2.9663441959236843,5.0,2.931314259968211,5.0,1,BR,Legal,Corporate,IC4,196
121,2017-09-15,2017,3.453000301057374,5.0,2.958518974600807,4.027491095532878,1,BR,Sales,Retail,M4,309
123,2017-09-15,2017,,,,,0,BR,Customer Service,Customer,IC1,242
126,2017-09-15,2017,4.0526280205657335,5.0,4.549114746584463,3.146198662111596,1,BR,Logistics,Supply Chain,IC1,568
128,2017-09-15,2017,,,,,0,BR,Sales,Retail,IC2,585
130,2017-09-15,2017,,,,,0,BR,Customer Experience,Customer,IC1,90
131,2017-09-15,2017,3.0671307822513025,5.0,2.568251969285302,4.117750043353137,1,BR,Store Operations,Retail,IC1,189
132,2017-09-15,2017,,,,,0,BR,Strategy,Corporate,IC1,494
133,2017-09-15,2017,2.2981045207571054,0.0,2.2783130551549737,2.839864267855268,1,BR,Customer Experience,Customer,IC1,90
134,2017-09-15,2017,3.8457938478547553,5.0,3.71960180521477,3.761144369497422,1,BR,Customer Service,Customer,IC1,189
137,2017-09-15,2017,3.1924428869041863,5.0,3.41814070248487,3.812814331334267,1,BR,Procurement,Corporate,IC1,166
138,2017-09-15,2017,3.839125131875501,5.0,4.505420053065393,4.675041454667985,1,BR,Procurement,Corporate,IC3,45
139,2017-09-15,2017,3.675651394823656,5.0,3.750551349133227,4.4258557236086595,1,BR,Sales,Retail,IC2,585
140,2017-09-15,2017,3.8691242501737344,5.0,3.465465325226238,2.319373480659075,1,BR,Visual Merchandising,Retail,M1,14
141,2017-09-15,2017,,,,,0,BR,Sales,Retail,M1,65
142,2017-09-15,2017,,,,,0,BR,Sales,Retail,IC2,585
143,2017-09-15,2017,4.346559397494406,10.0,4.8908625048758765,4.44654810375676,1,BR,Procurement,Supply Chain,IC1,430
146,2017-09-15,2017,,,,,0,BR,Regional Operations,Retail,IC2,34
148,2017-09-15,2017,,,,,0,BR,Planning,Supply Chain,IC1,9
149,2017-09-15,2017,5.0,10.0,5.0,4.733984683566445,1,BR,Distribution Centers,Supply Chain,IC1,48
150,2017-09-15,2017,4.21990559228753,5.0,5.0,4.8228368361522795,1,BR,Customer Service,Customer,IC1,461
151,2017-09-15,2017,,,,,0,BR,Store Operations,Retail,IC1,280
152,2017-09-15,2017,,,,,0,BR,UX,Digital,IC2,205
153,2017-09-15,2017,3.8190562180218985,5.0,4.99807746250135,3.276525327446174,1,BR,Data,Digital,M1,70
155,2017-09-15,2017,,,,,0,BR,Legal,Corporate,IC2,119
156,2017-09-15,2017,3.201152331410511,5.0,3.1846343854828,2.9637270460793275,1,BR,People,Corporate,IC2,278
158,2017-09-15,2017,4.094408658173623,5.0,4.194110987226733,4.3506240464557315,1,BR,Procurement,Supply Chain,IC1,302
160,2017-09-15,2017,,,,,0,BR,Sales,Retail,IC2,585
162,2017-09-15,2017,,,,,0,BR,Sales,Retail,IC4,79
165,2017-09-15,2017,,,,,0,BR,Customer Operations,Customer,IC2,252
166,2017-09-15,2017,,,,,0,BR,Distribution Centers,Supply Chain,IC2,517
167,2017-09-15,2017,,,,,0,BR,Store Operations,Retail,IC1,522
169,2017-09-15,2017,4.006182397480587,5.0,4.855177386301128,4.420839585226258,1,BR,Visual Merchandising,Retail,IC1,238
171,2017-09-15,2017,2.5387251956854806,0.0,2.66099545698638,2.442646768631314,1,BR,Customer Service,Customer,IC4,194
172,2017-09-15,2017,2.12654233299103,0.0,2.335378519966031,1.2338664209415229,1,BR,Digital Marketing,Digital,IC2,420
173,2017-09-15,2017,3.4348831982753616,5.0,3.8097068599966306,4.401682654871735,1,BR,Visual Merchandising,Retail,IC2,294
174,2017-09-15,2017,,,,,0,BR,Regional Operations,Retail,IC2,34
175,2017-09-15,2017,,,,,0,BR,Procurement,Corporate,IC2,286
177,2017-09-15,2017,3.9593543741432864,5.0,4.22824607252401,3.552013108409189,1,BR,UX,Digital,IC5,528
179,2017-09-15,2017,3.4136425899378704,5.0,3.3290648531803826,4.147973884582511,1,BR,Planning,Supply Chain,IC1,9
181,2017-09-15,2017,,,,,0,BR,Visual Merchandising,Retail,M1,14
182,2017-09-15,2017,3.4592762971667375,5.0,2.978929255311159,3.952175619807401,1,BR,Store Operations,Retail,IC1,77
183,2017-09-15,2017,4.242998969302798,5.0,5.0,2.7791406742716336,1,BR,People,Corporate,IC4,327
186,2017-09-15,2017,,,,,0,BR,Sales,Retail,IC1,26
187,2017-09-15,2017,4.799056395071728,10.0,4.659478289017097,4.096845978378914,1,BR,Procurement,Corporate,M2,62
188,2017-09-15,2017,3.8718977234469,5.0,4.511698088381862,3.7434028320050032,1,BR,Logistics,Supply Chain,IC1,276
189,2017-09-15,2017,3.1686245279373253,5.0,2.7911640297377107,3.8185517843752974,1,BR,Customer Service,Customer,IC2,171
191,2017-09-15,2017,3.557599598912282,5.0,3.8328855713613357,3.717638392797617,1,BR,Sales,Retail,IC1,42
192,2017-09-15,2017,3.503024396846338,5.0,2.243898439205018,2.795804232872397,1,BR,Product,Digital,IC5,310
193,2017-09-15,2017,4.268425615372098,5.0,4.953680741755303,4.065146751715655,1,BR,Strategy,Corporate,M1,261
194,2017-09-15,2017,4.166611822684438,5.0,3.9923715077182855,4.9273518462962205,1,BR,Customer Experience,Customer,M1,246
195,2017-09-15,2017,3.492685035142108,5.0,3.2776633805689697,3.311337074668606,1,BR,Procurement,Corporate,IC1,47
196,2017-09-15,2017,,,,,0,BR,Legal,Corporate,M3,321
197,2017-09-15,2017,3.0258574489228764,5.0,2.6412574288064756,2.6845477321444173,1,BR,Data,Digital,IC4,70
199,2017-09-15,2017,3.248695547118104,5.0,3.810770305524424,3.7171430046822196,1,BR,E-commerce,Digital,IC3,310
200,2017-09-15,2017,3.2264386717966294,5.0,2.555686285660697,2.2593187884571844,1,BR,People,Corporate,IC2,298
201,2017-09-15,2017,4.769712855158764,10.0,4.963631006302455,4.65771533325243,1,BR,Sales,Retail,IC2,585
203,2017-09-15,2017,,,,,0,BR,Visual Merchandising,Retail,IC1,32
205,2017-09-15,2017,4.223525846260563,5.0,4.28608961675733,2.9781082651895017,1,BR,UX,Digital,IC4,177
206,2017-09-15,2017,4.081119168454065,5.0,2.5244323718262507,4.774409246612931,1,BR,Logistics,Supply Chain,IC1,277
207,2017-09-15,2017,3.6979073965353355,5.0,4.8142634685238175,3.8043008704389347,1,BR,Visual Merchandising,Retail,IC1,71
208,2017-09-15,2017,,,,,0,BR,Regional Operations,Retail,M2,212
210,2017-09-15,2017,4.34041788695945,10.0,4.194628242549007,5.0,1,BR,Engineering,Digital,IC4,416
212,2017-09-15,2017,,,,,0,BR,Visual Merchandising,Retail,M4,309
214,2017-09-15,2017,3.267164021294662,5.0,3.6939099149356873,3.675003043517216,1,BR,Engineering,Digital,IC2,210
215,2017-09-15,2017,3.390474863357829,5.0,2.400071561281212,3.4543717601467456,1,BR,Procurement,Corporate,IC2,138
216,2017-09-15,2017,,,,,0,BR,Customer Experience,Customer,IC2,433
217,2017-09-15,2017,3.7505674579329655,5.0,2.743778692179289,1.9664509581459344,1,BR,Visual Merchandising,Retail,IC1,142
218,2017-09-15,2017,4.1248115336479385,5.0,3.6582293873180216,3.406595612790727,1,BR,Strategy,Corporate,IC4,193
220,2017-09-15,2017,,,,,0,BR,Regional Operations,Retail,IC1,282
223,2017-09-15,2017,4.170520857225787,5.0,4.296398144528768,3.529869433054077,1,BR,Visual Merchandising,Retail,IC2,294
224,2017-09-15,2017,,,,,0,BR,Visual Merchandising,Retail,IC2,294
227,2017-09-15,2017,5.0,10.0,5.0,4.852958248265592,1,BR,Data & Analytics,Corporate,IC3,92
229,2017-09-15,2017,,,,,0,BR,Regional Operations,Retail,IC1,174
230,2017-09-15,2017,4.725635448971769,10.0,3.883171774377403,5.0,1,BR,Sales,Retail,IC1,61
232,2017-09-15,2017,3.1955646825482953,5.0,3.3684204111399016,2.548399344428026,1,BR,Data & Analytics,Corporate,IC3,92
233,2017-09-15,2017,5.0,10.0,5.0,5.0,1,BR,Visual Merchandising,Retail,M1,14
238,2017-09-15,2017,4.510461215128112,10.0,3.7944414485787297,4.683464351538844,1,BR,Visual Merchandising,Retail,IC2,273
241,2017-09-15,2017,2.6287608175979615,0.0,3.4144252609000563,2.1068262177383272,1,BR,Customer Operations,Customer,IC1,165
242,2017-09-15,2017,4.65636258277379,10.0,5.0,4.101381336913631,1,BR,Customer Service,Customer,IC2,171
243,2017-09-15,2017,4.222196592495333,5.0,4.612729180062832,4.521375745647404,1,BR,Customer Service,Customer,IC3,171
244,2017-09-15,2017,3.9041253150800257,5.0,4.078865428225452,3.2386405869291575,1,BR,Digital Marketing,Digital,IC1,172
245,2017-09-15,2017,4.362175484311763,10.0,4.459069179424686,5.0,1,BR,E-commerce,Digital,IC2,199
246,2017-09-15,2017,2.76270604333547,0.0,1.7190599434040976,3.1277007268318577,1,BR,Planning,Supply Chain,M2,10
248,2017-09-15,2017,4.209940912646788,5.0,4.091899822700825,3.4091127544068733,1,BR,Risk,Corporate,IC2,261
249,2017-09-15,2017,3.7141690346899217,5.0,4.673509998455249,3.025146169975664,1,BR,Sales,Retail,IC1,160
250,2017-09-15,2017,,,,,0,BR,Sales,Retail,IC1,399
251,2017-09-15,2017,4.1052749100308,5.0,3.9364746334524123,4.604227049789178,1,BR,Regional Operations,Retail,IC2,34
252,2017-09-15,2017,3.323242687019395,5.0,3.2966554105200276,4.648766964956099,1,BR,Customer Operations,Customer,M1,303
254,2017-09-15,2017,4.461931659530602,10.0,4.1169645556115855,4.2173631799797455,1,BR,Finance,Corporate,IC3,60
256,2017-09-15,2017,,,,,0,BR,Sales,Retail,IC1,201
258,2017-09-15,2017,,,,,0,BR,Store Operations,Retail,IC1,316
261,2017-09-15,2017,4.57281679013232,10.0,4.528894417605184,4.026325847841703,1,BR,Risk,Corporate,M2,321
262,2017-09-15,2017,,,,,0,BR,Store Operations,Retail,IC1,21
263,2017-09-15,2017,2.9117901859589246,5.0,2.53464283442174,1.152573286368213,1,BR,Customer Operations,Customer,IC1,288
264,2017-09-15,2017,4.2295983874152,5.0,2.9866351724361824,3.4797584309517076,1,BR,Visual Merchandising,Retail,M1,14
268,2017-09-15,2017,,,,,0,BR,Customer Service,Customer,IC1,242
269,2017-09-15,2017,4.597021290072984,10.0,4.2991267656268946,4.497212277720553,1,BR,Store Operations,Retail,IC1,77
270,2017-09-15,2017,5.0,10.0,4.85868575901273,5.0,1,BR,Visual Merchandising,Retail,IC2,273
272,2017-09-15,2017,4.013735768373867,5.0,3.1531581495312153,3.5123551485190507,1,BR,Visual Merchandising,Retail,IC1,479
273,2017-09-15,2017,,,,,0,BR,Visual Merchandising,Retail,IC3,140
274,2017-09-15,2017,3.498520423795287,5.0,3.0340043623941844,3.5806552447631,1,BR,Regional Operations,Retail,IC1,115
275,2017-09-15,2017,3.4026198319279413,5.0,4.048585212016313,3.4508746865590747,1,BR,Store Operations,Retail,IC1,308
276,2017-09-15,2017,,,,,0,BR,Logistics,Supply Chain,IC2,162
277,2017-09-15,2017,,,,,0,BR,Logistics,Supply Chain,IC2,162
278,2017-09-15,2017,2.601825640199224,0.0,2.1494167791314576,1.5518698188691995,1,BR,People,Corporate,IC3,327
279,2017-09-15,2017,4.0979198670948405,5.0,4.692991007369025,4.670238951554417,1,BR,Visual Merchandising,Retail,IC1,142
280,2017-09-15,2017,3.7372899079989557,5.0,3.611202688814028,4.211639861630099,1,BR,Store Operations,Retail,IC2,467
281,2017-09-15,2017,2.9358937451581246,5.0,3.437255516364701,3.5748056531428447,1,BR,E-commerce,Digital,M2,121
282,2017-09-15,2017,3.0346318797884373,5.0,3.1523545610224675,2.7936506940957737,1,BR,Regional Operations,Retail,IC2,34
283,2017-09-15,2017,3.799902066148976,5.0,4.272970737875426,2.8113274433031163,1,BR,Engineering,Digital,IC3,86
285,2017-09-15,2017,2.332517450554911,0.0,2.2806675351771277,2.5208982209046185,1,BR,Digital Marketing,Digital,IC2,420
286,2017-09-15,2017,2.231851711438739,0.0,2.460691847771911,3.012005437964472,1,BR,Procurement,Corporate,IC5,187
287,2017-09-15,2017,,,,,0,BR,Store Operations,Retail,IC2,467
288,2017-09-15,2017,4.006234728929022,5.0,2.988056984941725,3.2871683470007174,1,BR,Customer Operations,Customer,IC2,252
290,2017-09-15,2017,,,,,0,BR,Sales,Retail,IC1,42
292,2017-09-15,2017,,,,,0,BR,Sales,Retail,M2,121
294,2017-09-15,2017,,,,,0,BR,Visual Merchandising,Retail,IC3,181
295,2017-09-15,2017,,,,,0,BR,Procurement,Supply Chain,M1,10
296,2017-09-15,2017,3.4886787819859326,5.0,4.028133232778453,3.2925981910533912,1,BR,Finance,Corporate,IC2,27
297,2017-09-15,2017,2.9569357569167622,5.0,1.7126715707814686,3.5120454510840338,1,BR,Procurement,Supply Chain,IC4,295
298,2017-09-15,2017,2.838957886867999,5.0,2.8329162346993217,3.060852676119472,1,BR,People,Corporate,IC3,327
301,2017-09-15,2017,2.7173848031106185,0.0,2.869947590530451,1.5615216451842429,1,BR,Customer Experience,Customer,IC1,90
302,2017-09-15,2017,3.7299188400515453,5.0,4.526069111633533,3.669909272252551,1,BR,Procurement,Supply Chain,IC2,319
303,2017-09-15,2017,1.5802498429159635,0.0,1.4692491104234378,1.3032571521983836,1,BR,Logistics,Supply Chain,M2,10
305,2017-09-15,2017,3.0742035277366475,5.0,2.0540717038609104,2.6362231695266107,1,BR,Planning,Supply Chain,IC3,335
307,2017-09-15,2017,3.778310828706148,5.0,3.628040000716019,3.0572487600137954,1,BR,Legal,Corporate,M2,321
308,2017-09-15,2017,3.624664706057979,5.0,3.087291101744916,4.46488846133359,1,BR,Legal,Corporate,IC3,406
309,2017-09-15,2017,3.0487658495092567,5.0,4.111844457843835,1.9269501630550847,1,BR,People,Corporate,M5,62
310,2017-09-15,2017,5.0,10.0,4.539790419541203,5.0,1,BR,Customer Service,Customer,M1,578
312,2017-09-15,2017,3.724838735513727,5.0,4.526528572879017,4.467534540603337,1,BR,Sales,Retail,IC1,24
313,2017-09-15,2017,3.7709924922283573,5.0,4.189671859798671,4.126122203074677,1,BR,Procurement,Corporate,IC2,47
315,2017-09-15,2017,2.8105160773030664,5.0,3.0088412812007435,3.126266463692478,1,BR,Distribution Centers,Supply Chain,IC1,48
316,2017-09-15,2017,,,,,0,BR,Store Operations,Retail,IC3,467
318,2017-09-15,2017,,,,,0,BR,Procurement,Supply Chain,IC2,319
319,2017-09-15,2017,,,,,0,BR,Procurement,Supply Chain,IC3,297
320,2017-09-15,2017,,,,,0,BR,Customer Experience,Customer,IC1,90
321,2017-09-15,2017,3.754399208977812,5.0,3.044225781894283,3.797905697518063,1,BR,Marketing,Corporate,M4,309
322,2017-09-15,2017,3.0688683635300937,5.0,3.7403452539282314,3.0234679322780127,1,BR,Store Operations,Retail,IC1,280
323,2017-09-15,2017,3.503477063419146,5.0,2.936632079653883,4.234134681619095,1,BR,Customer Operations,Customer,IC1,165
324,2017-09-15,2017,4.342626527472251,10.0,4.84326507843129,3.9157206542264924,1,BR,Finance,Corporate,IC2,254
326,2017-09-15,2017,3.628203013244746,5.0,3.562017211440127,3.7737444517570493,1,BR,Sales,Retail,IC2,585
327,2017-09-15,2017,4.180004032598899,5.0,4.057465423305333,3.5672085929991244,1,BR,People,Corporate,M1,307
328,2017-09-15,2017,4.1486653761674654,5.0,3.201708375862146,4.651845883923643,1,BR,UX,Digital,IC1,115
330,2017-09-15,2017,,,,,0,BR,Logistics,Supply Chain,IC1,277
331,2017-09-15,2017,,,,,0,BR,Procurement,Supply Chain,IC1,515
333,2017-09-15,2017,4.6290890996445295,10.0,4.566745664070892,5.0,1,BR,Sales,Retail,IC1,26
335,2017-09-15,2017,2.4566424409482828,0.0,2.8296433118416173,3.0792945569399954,1,BR,Planning,Supply Chain,M1,246
336,2017-09-15,2017,,,,,0,AR,Store Operations,Retail,IC3,341
337,2017-09-15,2017,2.4418337970553523,0.0,2.5539621548361695,2.980899290037655,1,AR,Customer Service,Customer,IC1,344
339,2017-09-15,2017,,,,,0,AR,Distribution Centers,Supply Chain,IC3,343
341,2017-09-15,2017,2.7472573995279825,0.0,3.029369414601086,3.0746965548859397,1,AR,Sales,Retail,M1,8
342,2017-09-15,2017,3.778969138372367,5.0,3.7506616458834854,4.380285116893194,1,BR,Customer Operations,Customer,IC1,288
343,2017-09-15,2017,,,,,0,AR,Sales,Retail,M1,261
344,2017-09-15,2017,4.882917164067514,10.0,4.774661843980991,4.645914357561016,1,AR,Planning,Supply Chain,IC2,339
345,2017-09-15,2017,1.9573366788188553,0.0,1.0,2.972826265937858,1,AR,Logistics,Supply Chain,IC1,368
346,2017-09-15,2017,2.8988550589401347,5.0,3.6063867272597574,1.9312766115821773,1,AR,Sales,Retail,IC1,379
347,2017-09-15,2017,,,,,0,AR,Customer Service,Customer,IC1,401
349,2017-09-15,2017,3.78007408122607,5.0,3.759612997216449,3.873208542116631,1,AR,Regional Operations,Retail,IC1,396
352,2017-09-15,2017,3.6579459091301176,5.0,3.3682279583986356,3.524991958221263,1,AR,Marketing,Corporate,IC4,341
355,2017-09-15,2017,,,,,0,AR,Planning,Supply Chain,IC2,339
357,2017-09-15,2017,,,,,0,AR,Distribution Centers,Supply Chain,IC3,416
360,2017-09-15,2017,,,,,0,AR,Sales,Retail,IC1,396
363,2017-09-15,2017,3.1945601757088795,5.0,2.6092742140319176,3.781050552177989,1,AR,Visual Merchandising,Retail,M1,307
365,2017-09-15,2017,2.5350182290364325,0.0,2.2721060521983776,2.140280879715746,1,AR,Visual Merchandising,Retail,IC3,363
366,2017-09-15,2017,2.3469675263116208,0.0,1.1984952860694034,1.0,1,AR,Sales,Retail,IC1,379
368,2017-09-15,2017,3.0062212030547557,5.0,2.7956993903628993,2.6763449602983664,1,AR,Logistics,Supply Chain,IC2,357
373,2017-09-15,2017,2.9332291295922666,5.0,4.030116161475737,3.287377747763,1,AR,Planning,Supply Chain,IC2,339
375,2017-09-15,2017,3.786221925579722,5.0,3.419074163365668,4.95643607693878,1,AR,Store Operations,Retail,IC3,416
378,2017-09-15,2017,,,,,0,AR,Regional Operations,Retail,IC1,506
379,2017-09-15,2017,,,,,0,AR,Sales,Retail,IC2,343
380,2017-09-15,2017,3.8407265446169525,5.0,4.095318921422458,3.1835764903523254,1,AR,Store Operations,Retail,IC1,375
384,2017-09-15,2017,,,,,0,BR,Data & Analytics,Corporate,IC2,227
386,2017-09-15,2017,5.0,10.0,5.0,3.7549946100858866,1,BR,Visual Merchandising,Retail,IC1,11
390,2017-09-15,2017,,,,,0,BR,Product,Digital,IC1,116
391,2017-09-15,2017,4.79589116625439,10.0,4.741229202985716,4.261793150359277,1,BR,Sales,Retail,IC2,585
392,2017-09-15,2017,4.220759623306083,5.0,3.7678397138185664,3.2588369228751746,1,BR,Risk,Corporate,IC1,248
393,2017-09-15,2017,3.2717430398869163,5.0,4.177287905546052,2.974099771603937,1,BR,Regional Operations,Retail,IC1,146
395,2017-09-15,2017,,,,,0,BR,Regional Operations,Retail,IC2,34
396,2017-09-15,2017,,,,,0,AR,Sales,Retail,IC2,341
398,2017-09-15,2017,3.3311012999337914,5.0,3.0203038072555506,2.1903840438409836,1,BR,Data & Analytics,Corporate,IC2,227
399,2017-09-15,2017,3.552992869829386,5.0,3.4722412208850764,3.2292422690448515,1,BR,Sales,Retail,IC2,585
401,2017-09-15,2017,,,,,0,AR,Planning,Supply Chain,IC2,339
403,2017-09-15,2017,,,,,0,BR,Legal,Corporate,IC3,196
404,2017-09-15,2017,3.8235322926374415,5.0,3.6644946497699156,3.491618995035408,1,BR,Product,Digital,IC4,482
405,2017-09-15,2017,4.104132750395511,5.0,4.735668320509715,2.6392216757790274,1,BR,Procurement,Supply Chain,IC1,302
406,2017-09-15,2017,4.521758413900837,10.0,4.8805428207876975,4.578150050665885,1,BR,Legal,Corporate,IC4,196
408,2017-09-15,2017,,,,,0,BR,Visual Merchandising,Retail,IC2,273
411,2017-09-15,2017,,,,,0,BR,Customer Experience,Customer,IC1,90
414,2017-09-15,2017,,,,,0,BR,Visual Merchandising,Retail,IC1,408
416,2017-09-15,2017,5.0,10.0,4.78756244271692,5.0,1,BR,Engineering,Digital,IC5,70
417,2017-09-15,2017,3.3699324077046366,5.0,3.0441990721063146,2.9122815275234086,1,BR,Sales,Retail,IC1,399
420,2017-09-15,2017,5.0,10.0,5.0,5.0,1,BR,Digital Marketing,Digital,IC3,8
422,2017-09-15,2017,4.108570640601643,5.0,4.72533078788058,4.57080827152328,1,BR,Visual Merchandising,Retail,IC1,408
423,2017-09-15,2017,4.170899813399995,5.0,2.7673392111108397,3.5990536073866437,1,BR,Customer Service,Customer,IC1,391
424,2017-09-15,2017,3.4680989064956833,5.0,3.7552946902453606,2.3251065389547048,1,BR,Strategy,Corporate,IC1,494
425,2017-09-15,2017,,,,,0,BR,Planning,Supply Chain,IC1,9
427,2017-09-15,2017,4.126119277771913,5.0,4.353452651316852,4.450535008120262,1,BR,Customer Operations,Customer,IC1,165
429,2017-09-15,2017,,,,,0,BR,Sales,Retail,IC1,326
430,2017-09-15,2017,,,,,0,BR,Procurement,Supply Chain,IC2,319
433,2017-09-15,2017,3.798141553795033,5.0,4.0540464064276875,2.595856181002838,1,BR,Customer Experience,Customer,M1,303
434,2017-09-15,2017,2.51640979250057,0.0,3.0621110095824817,2.543877047383962,1,BR,Logistics,Supply Chain,IC1,568
435,2017-09-15,2017,4.980321610705962,10.0,3.9229563831951464,4.751303610331932,1,BR,Sales,Retail,IC1,201
436,2017-09-15,2017,3.36372444968746,5.0,3.018415446349785,3.9424298888700413,1,BR,Visual Merchandising,Retail,IC2,294
438,2017-09-15,2017,3.2815394504060267,5.0,2.540941198795184,3.824186540819185,1,AR,Visual Merchandising,Retail,M2,281
439,2017-09-15,2017,2.993890420867015,5.0,3.4178432255555813,2.7291297276315367,1,BR,Regional Operations,Retail,IC1,477
440,2017-09-15,2017,3.1669614492335847,5.0,2.3990061979646993,3.086089905658706,1,BR,Marketing,Corporate,M2,321
441,2017-09-15,2017,3.756250792881793,5.0,2.9134620188292533,3.3785373037040562,1,BR,Legal,Corporate,IC3,406
444,2017-09-15,2017,2.689602028156665,0.0,3.303570793898775,3.039190363785937,1,BR,Strategy,Corporate,IC4,29
447,2017-09-15,2017,4.232815330952387,5.0,3.6420565728941536,4.286476524214726,1,BR,People,Corporate,IC2,183
448,2017-09-15,2017,,,,,0,BR,Regional Operations,Retail,IC3,208
452,2017-09-15,2017,,,,,0,AR,Planning,Supply Chain,IC1,355
454,2017-09-15,2017,2.54275371321188,0.0,2.7713812313499586,2.3528844256801786,1,BR,Sales,Retail,IC1,160
457,2017-09-15,2017,4.649372604149602,10.0,5.0,5.0,1,BR,Legal,Corporate,IC3,406
458,2017-09-15,2017,,,,,0,BR,Store Operations,Retail,IC1,21
460,2017-09-15,2017,3.947079051354919,5.0,4.768960089202993,4.483633249750908,1,BR,Sales,Retail,IC1,391
461,2017-09-15,2017,,,,,0,BR,Customer Service,Customer,IC2,243
464,2017-09-15,2017,3.6754095430481097,5.0,3.3668374270069514,3.942654128513843,1,BR,Legal,Corporate,IC2,403
466,2017-09-15,2017,,,,,0,BR,Regional Operations,Retail,IC2,34
467,2017-09-15,2017,5.0,10.0,5.0,4.552750848434853,1,BR,Store Operations,Retail,M1,65
468,2017-09-15,2017,3.7709372245172763,5.0,3.64240231016927,4.309538079641152,1,BR,Store Operations,Retail,IC1,77
469,2017-09-15,2017,3.4429903106281277,5.0,3.1137666650213416,2.360008790224911,1,BR,Store Operations,Retail,IC1,77
471,2017-09-15,2017,3.1133447578062934,5.0,2.928897997702307,3.2283640391880435,1,BR,Risk,Corporate,IC2,261
473,2017-09-15,2017,,,,,0,BR,Sales,Retail,IC2,585
474,2017-09-15,2017,,,,,0,BR,Planning,Supply Chain,IC3,335
475,2017-09-15,2017,2.878999038457216,5.0,2.5963855357343646,2.563924670312039,1,BR,Finance,Corporate,IC1,324
476,2017-09-15,2017,3.0316435431373208,5.0,3.4395993948235013,2.7778317261508763,1,BR,Sales,Retail,IC1,473
477,2017-09-15,2017,4.284105643658663,5.0,3.421961452830464,4.418031804578969,1,BR,Regional Operations,Retail,IC2,18
479,2017-09-15,2017,,,,,0,BR,Visual Merchandising,Retail,IC2,273
482,2017-09-15,2017,3.533103325534385,5.0,3.08216823584777,4.116076507404145,1,BR,Product,Digital,IC5,310
484,2017-09-15,2017,,,,,0,BR,Visual Merchandising,Retail,IC1,270
485,2017-09-15,2017,3.9760370071434714,5.0,3.3967147219312706,3.0069069098026207,1,BR,Visual Merchandising,Retail,IC1,436
486,2017-09-15,2017,3.65861322685011,5.0,4.1527812137902735,3.44382575361083,1,BR,Customer Service,Customer,IC1,461
488,2017-09-15,2017,2.4805213104156447,0.0,2.824256515496485,2.439357868400376,1,BR,Sales,Retail,IC1,473
490,2017-09-15,2017,3.095456493641926,5.0,3.0511280360551667,4.893829783069606,1,BR,Sales,Retail,IC1,24
491,2017-09-15,2017,3.30304653743186,5.0,2.7508560769018526,2.5542042819567947,1,BR,Visual Merchandising,Retail,IC1,479
493,2017-09-15,2017,3.3841329745738937,5.0,2.8731494537150173,2.6774883702850008,1,BR,Visual Merchandising,Retail,M1,212
494,2017-09-15,2017,3.791580360054309,5.0,3.274991159172159,2.597438036224834,1,BR,Strategy,Corporate,IC3,444
495,2017-09-15,2017,,,,,0,BR,Regional Operations,Retail,IC1,146
496,2017-09-15,2017,2.2717837554954077,0.0,2.3537521334352935,1.9373599503151866,1,BR,Data,Digital,IC3,197
498,2017-09-15,2017,,,,,0,BR,Visual Merchandising,Retail,IC1,71
499,2017-09-15,2017,4.805157426344515,10.0,4.531609151008541,4.728047891354295,1,AR,Customer Operations,Customer,IC2,352
501,2017-09-15,2017,3.7029513394414915,5.0,2.702815914770542,3.523129341639513,1,BR,Data,Digital,IC1,496
502,2017-09-15,2017,,,,,0,BR,Visual Merchandising,Retail,IC2,294
503,2017-09-15,2017,,,,,0,BR,Store Operations,Retail,M2,212
504,2017-09-15,2017,4.876734038398602,10.0,5.0,4.039288683153623,1,BR,Data & Analytics,Corporate,IC1,232
505,2017-09-15,2017,4.431101109934938,10.0,4.77556440408143,3.0304036167341533,1,BR,Planning,Supply Chain,IC1,474
506,2017-09-15,2017,,,,,0,AR,Regional Operations,Retail,IC2,336
507,2017-09-15,2017,,,,,0,AR,Sales,Retail,IC1,396
509,2017-09-15,2017,3.517808637821369,5.0,3.246205238238652,3.058753222796664,1,BR,Data & Analytics,Corporate,M2,14
510,2017-09-15,2017,4.503212964641683,10.0,4.204707247108763,4.4982870214105395,1,AR,Customer Service,Customer,IC2,352
511,2017-09-15,2017,3.4718364455766717,5.0,3.775598917429785,3.6824792665903923,1,BR,Procurement,Supply Chain,IC1,49
514,2017-09-15,2017,3.605640596305591,5.0,3.180996102517912,5.0,1,BR,Customer Experience,Customer,IC1,90
515,2017-09-15,2017,3.6997521830499784,5.0,4.069253740561331,3.560292775971561,1,BR,Procurement,Supply Chain,IC2,319
516,2017-09-15,2017,3.2924562820643737,5.0,3.3517542031002585,3.924293706294142,1,BR,Data,Digital,IC3,197
517,2017-09-15,2017,3.468793631183786,5.0,3.925634450740273,3.9106087906327285,1,BR,Distribution Centers,Supply Chain,IC3,162
518,2017-09-15,2017,,,,,0,BR,Regional Operations,Retail,IC3,208
520,2017-09-15,2017,1.9401954671781962,0.0,2.411759594176266,1.7008360516891563,1,BR,Customer Experience,Customer,IC1,90
521,2017-09-15,2017,4.376877627037446,10.0,5.0,4.664953243680179,1,BR,Customer Service,Customer,IC1,461
522,2017-09-15,2017,3.710067166178712,5.0,4.176162744360007,3.904146548874613,1,BR,Engineering,Digital,IC2,283
523,2017-09-15,2017,,,,,0,BR,Customer Operations,Customer,IC1,553
526,2017-09-15,2017,3.510658120777368,5.0,4.190284907857532,3.481951778618091,1,AR,Planning,Supply Chain,IC1,355
528,2017-09-15,2017,3.4112678935774405,5.0,3.5987918850037355,3.8702846173030023,1,BR,Engineering,Digital,M1,281
529,2017-09-15,2017,3.4879973875875088,5.0,2.6961576888318266,4.252772039382467,1,BR,Logistics,Supply Chain,IC1,276
530,2017-09-15,2017,,,,,0,AR,Customer Service,Customer,IC2,352
532,2017-09-15,2017,5.0,10.0,4.583278174448082,5.0,1,BR,Visual Merchandising,Retail,IC1,436
534,2017-09-15,2017,3.3079233504977346,5.0,3.271757488026968,3.7703086092142395,1,BR,Engineering,Digital,IC1,283
535,2017-09-15,2017,3.322391989213901,5.0,3.743758981755513,4.23840602613279,1,BR,Procurement,Supply Chain,IC2,319
536,2017-09-15,2017,3.319398516997733,5.0,3.625909774579693,3.3755758507645846,1,BR,Procurement,Corporate,IC1,88
537,2017-09-15,2017,,,,,0,BR,Marketing,Corporate,IC5,440
538,2017-09-15,2017,3.7082089534242644,5.0,3.5318274122276314,3.4459403286138035,1,BR,Visual Merchandising,Retail,IC1,502
539,2017-09-15,2017,,,,,0,BR,Strategy,Corporate,M2,14
541,2017-09-15,2017,,,,,0,AR,Planning,Supply Chain,IC3,343
542,2017-09-15,2017,2.321074780688871,0.0,2.3983611141149592,2.973595710589795,1,AR,Regional Operations,Retail,IC1,506
543,2017-09-15,2017,3.8419314494682726,5.0,3.287017135931217,3.4593918038178337,1,BR,Legal,Corporate,IC3,406
544,2017-09-15,2017,,,,,0,BR,Visual Merchandising,Retail,IC1,223
545,2017-09-15,2017,,,,,0,BR,Sales,Retail,IC1,42
546,2017-09-15,2017,3.456586987809371,5.0,3.628912068202247,3.0505521539760534,1,BR,Store Operations,Retail,IC1,280
547,2017-09-15,2017,2.853913221826085,5.0,2.440853592452688,1.3101769145490472,1,BR,Strategy,Corporate,IC1,494
548,2017-09-15,2017,,,,,0,BR,Store Operations,Retail,IC1,308
549,2017-09-15,2017,,,,,0,BR,Sales,Retail,IC1,399
550,2017-09-15,2017,2.8032402917869965,5.0,2.6167658082902827,2.3313363978106083,1,BR,Customer Operations,Customer,IC2,252
551,2017-09-15,2017,,,,,0,BR,Procurement,Supply Chain,IC3,297
552,2017-09-15,2017,4.990902288114536,10.0,4.270974320409495,5.0,1,BR,Customer Experience,Customer,M1,578
553,2017-09-15,2017,3.7792470489774623,5.0,3.7097146899362086,3.192740862384755,1,BR,Customer Operations,Customer,IC2,252
554,2017-09-15,2017,,,,,0,BR,Store Operations,Retail,IC1,313
555,2017-09-15,2017,,,,,0,BR,Distribution Centers,Supply Chain,IC5,295
556,2017-09-15,2017,3.1882332103060556,5.0,3.1096184651684884,3.996871898366124,1,BR,Planning,Supply Chain,IC2,305
557,2017-09-15,2017,2.542089027552306,0.0,3.6798086295787718,1.8936431403977614,1,BR,Data & Analytics,Corporate,IC2,227
558,2017-09-15,2017,,,,,0,BR,Sales,Retail,IC1,473
559,2017-09-15,2017,2.953551168191508,5.0,3.166379743122009,3.612192540998807,1,BR,Sales,Retail,IC1,24
560,2017-09-15,2017,3.41722896998303,5.0,2.183277546996927,4.250139944769163,1,BR,Sales,Retail,IC2,585
561,2017-09-15,2017,,,,,0,BR,Procurement,Supply Chain,IC1,535
562,2017-09-15,2017,,,,,0,BR,Data & Analytics,Corporate,IC2,232
563,2017-09-15,2017,3.8785095667588614,5.0,3.409199686671773,4.074016056953527,1,AR,Visual Merchandising,Retail,IC1,365
564,2017-09-15,2017,2.675417376361928,0.0,2.010719253584759,2.186807546151993,1,BR,Procurement,Supply Chain,M2,10
565,2017-09-15,2017,2.410188093485618,0.0,1.7605956795192375,3.5995473535763445,1,BR,UX,Digital,IC1,152
566,2017-09-15,2017,3.3814169744725135,5.0,3.257825993362289,4.1781979791741435,1,BR,Digital Marketing,Digital,IC4,8
567,2017-09-15,2017,3.432532004676316,5.0,3.588537866310127,3.2742978986456075,1,BR,Store Operations,Retail,M2,212
568,2017-09-15,2017,,,,,0,BR,Logistics,Supply Chain,IC2,162
569,2017-09-15,2017,3.7752630928473465,5.0,4.395142732939669,4.6255496506015685,1,BR,Digital Marketing,Digital,IC2,420
570,2017-09-15,2017,3.8352995248794746,5.0,3.709303924119179,4.018315491507032,1,BR,Product,Digital,IC4,482
571,2017-09-15,2017,4.381137523454715,10.0,4.554381990946406,3.74617602447471,1,BR,Sales,Retail,IC1,139
572,2017-09-15,2017,3.641295200075894,5.0,4.025178132246852,5.0,1,AR,Visual Merchandising,Retail,IC1,365
573,2017-09-15,2017,,,,,0,BR,Regional Operations,Retail,IC1,12
574,2017-09-15,2017,2.9971934662834756,5.0,3.3661607340748034,3.492330244611784,1,AR,Sales,Retail,IC1,396
575,2017-09-15,2017,2.823055130122789,5.0,2.9077451184956082,3.636726489580825,1,AR,Sales,Retail,IC1,379
576,2017-09-15,2017,3.0310312333630263,5.0,2.7798748643751567,3.1526390495088585,1,BR,Finance,Corporate,IC3,598
577,2017-09-15,2017,,,,,0,BR,Visual Merchandising,Retail,IC1,173
578,2017-09-15,2017,2.8662240545631237,5.0,2.9201989774332824,3.1470441001067933,1,BR,Customer Experience,Customer,M3,121
579,2017-09-15,2017,,,,,0,BR,Regional Operations,Retail,IC1,31
580,2017-09-15,2017,,,,,0,AR,Store Operations,Retail,IC1,336
581,2017-09-15,2017,5.0,10.0,5.0,5.0,1,BR,Digital Marketing,Digital,IC1,285
582,2017-09-15,2017,4.810609134308469,10.0,5.0,5.0,1,BR,Sales,Retail,IC1,26
583,2017-09-15,2017,,,,,0,BR,Visual Merchandising,Retail,IC2,273
584,2017-09-15,2017,3.124983469693016,5.0,3.8574768121576697,2.219052148692463,1,BR,Visual Merchandising,Retail,IC2,294
585,2017-09-15,2017,,,,,0,BR,Sales,Retail,IC3,141
586,2017-09-15,2017,3.990070856006645,5.0,4.51229394677507,3.145352154740793,1,BR,Visual Merchandising,Retail,IC3,233
587,2017-09-15,2017,3.9955114112492156,5.0,4.898106220815652,3.7168927773243663,1,BR,Digital Marketing,Digital,M1,8
588,2017-09-15,2017,,,,,0,BR,Digital Marketing,Digital,IC2,576
589,2017-09-15,2017,,,,,0,BR,Sales,Retail,IC1,42
590,2017-09-15,2017,3.631017091094436,5.0,3.131345587990148,5.0,1,BR,Engineering,Digital,IC4,416
591,2017-09-15,2017,3.3035221684565306,5.0,3.4314124635154966,2.8646694525264893,1,BR,Legal,Corporate,IC1,464
592,2017-09-15,2017,3.9793310786315,5.0,4.4131743048311005,3.3290178872318394,1,BR,Customer Service,Customer,IC2,243
593,2017-09-15,2017,3.313923264172291,5.0,3.471062967439214,5.0,1,BR,Legal,Corporate,IC1,55
594,2017-09-15,2017,3.7009499236925008,5.0,4.185805735302008,3.196495631635143,1,BR,Data & Analytics,Corporate,IC1,398
595,2017-09-15,2017,3.0785576163516915,5.0,3.5581748488815697,1.9080976279152413,1,BR,Strategy,Corporate,IC3,218
596,2017-09-15,2017,3.7277229738276563,5.0,2.778571610725482,3.4090058568839066,1,BR,Customer Service,Customer,IC1,592
598,2017-09-15,2017,4.998658064714818,10.0,4.446802259669747,4.270550759475534,1,BR,People,Corporate,IC4,327
600,2017-09-15,2017,,,,,0,AR,Store Operations,Retail,IC1,336
601,2017-09-15,2017,,,,,0,AR,Customer Operations,Customer,IC1,499
603,2017-09-15,2017,,,,,0,AR,Planning,Supply Chain,IC2,541
604,2017-09-15,2017,4.473127715001531,10.0,4.126795123269873,4.819242229775895,1,BR,Regional Operations,Retail,IC3,98
605,2017-09-15,2017,3.8406080026350917,5.0,4.164807815697604,4.2690625080527065,1,BR,Finance,Corporate,IC2,516
1,2018-09-15,2018,,,,,0,BR,Regional Operations,Retail,IC1,12
3,2018-09-15,2018,,,,,0,BR,Distribution Centers,Supply Chain,IC1,48
8,2018-09-15,2018,,,,,0,BR,Digital Marketing,Digital,M3,833
9,2018-09-15,2018,,,,,0,BR,Planning,Supply Chain,IC3,335
10,2018-09-15,2018,3.739685209614892,5.0,3.4950153478445025,4.116826640263915,1,BR,Procurement,Supply Chain,M4,309
11,2018-09-15,2018,,,,,0,BR,Visual Merchandising,Retail,IC2,273
12,2018-09-15,2018,3.3228866769310437,5.0,3.4568834787302003,3.7427446798573865,1,BR,Regional Operations,Retail,IC3,406
13,2018-09-15,2018,2.295536562908075,0.0,1.6697533403808267,1.9094827889087296,1,BR,Regional Operations,Retail,IC1,174
14,2018-09-15,2018,2.6444089666661377,0.0,4.005036597880869,3.403632532241209,1,BR,Marketing,Corporate,M3,309
16,2018-09-15,2018,,,,,0,BR,Customer Experience,Customer,IC1,90
17,2018-09-15,2018,1.9989089226002537,0.0,2.0807107169727166,2.2950985009674985,1,BR,Sales,Retail,IC1,26
18,2018-09-15,2018,,,,,0,BR,Regional Operations,Retail,IC3,406
20,2018-09-15,2018,,,,,0,BR,Distribution Centers,Supply Chain,IC1,48
21,2018-09-15,2018,3.392950170670599,5.0,2.7448177825004962,3.885796695810271,1,BR,Sales,Retail,IC2,162
24,2018-09-15,2018,3.554767210038753,5.0,3.3120469736023233,3.988850259421969,1,BR,Sales,Retail,IC2,162
26,2018-09-15,2018,3.36213696631719,5.0,1.752825972967263,2.0777823617378663,1,BR,Sales,Retail,IC2,162
27,2018-09-15,2018,,,,,0,BR,Regional Operations,Retail,IC3,406
28,2018-09-15,2018,,,,,0,BR,Finance,Corporate,IC2,630
29,2018-09-15,2018,,,,,0,BR,Procurement,Corporate,IC5,81
31,2018-09-15,2018,,,,,0,BR,Regional Operations,Retail,IC2,34
32,2018-09-15,2018,3.9364321305011907,5.0,4.350399000214497,4.777273873820702,1,BR,Visual Merchandising,Retail,IC2,294
34,2018-09-15,2018,,,,,0,BR,Regional Operations,Retail,M1,208
36,2018-09-15,2018,3.9552045687260544,5.0,3.749200862101929,3.641935454220596,1,BR,Distribution Centers,Supply Chain,IC1,48
45,2018-09-15,2018,3.530634238527657,5.0,2.9868523708737467,2.90142764110901,1,BR,Planning,Supply Chain,IC4,335
47,2018-09-15,2018,3.4625513060223256,5.0,3.880673651760562,2.361931955847135,1,BR,Procurement,Corporate,IC3,45
48,2018-09-15,2018,4.8331293426608015,10.0,4.398863021008978,4.83532014425707,1,BR,Distribution Centers,Supply Chain,IC3,297
50,2018-09-15,2018,4.729189663416092,10.0,5.0,5.0,1,BR,Data & Analytics,Corporate,IC1,384
55,2018-09-15,2018,2.4265515649209544,0.0,2.540009088468161,2.897885241059675,1,BR,Legal,Corporate,IC2,119
57,2018-09-15,2018,5.0,10.0,4.49608166396912,5.0,1,BR,People,Corporate,IC2,298
59,2018-09-15,2018,1.9382179112783067,0.0,2.5174639036318576,1.0248955083267597,1,BR,Strategy,Corporate,IC1,162
60,2018-09-15,2018,2.6262122509655876,0.0,3.057468026604902,3.2611532278074264,1,BR,Marketing,Corporate,IC4,321
61,2018-09-15,2018,3.3787610268102317,5.0,2.737868183708026,3.204037143550094,1,BR,Sales,Retail,IC2,162
62,2018-09-15,2018,4.141251019666053,5.0,4.811373816200529,3.7925431263443543,1,BR,Procurement,Corporate,D1,
63,2018-09-15,2018,3.748460121043035,5.0,3.726546687955923,4.691216556871918,1,BR,Distribution Centers,Supply Chain,IC1,48
64,2018-09-15,2018,,,,,0,BR,Sales,Retail,IC1,139
65,2018-09-15,2018,,,,,0,BR,Sales,Retail,M2,14
66,2018-09-15,2018,,,,,0,BR,Store Operations,Retail,IC2,691
69,2018-09-15,2018,2.001861043219832,0.0,1.0,1.0,1,BR,Logistics,Supply Chain,IC2,623
70,2018-09-15,2018,2.7311542457754854,0.0,2.5180515917037805,3.0690907849838265,1,BR,Customer Operations,Customer,M2,673
72,2018-09-15,2018,,,,,0,BR,Risk,Corporate,IC1,73
73,2018-09-15,2018,3.839856622529027,5.0,3.537386657403406,2.987737364792697,1,BR,Risk,Corporate,IC3,261
74,2018-09-15,2018,3.3732405337007014,5.0,3.1230250634764345,3.937979480734813,1,BR,Sales,Retail,IC1,160
75,2018-09-15,2018,4.4921000368548185,10.0,4.520822048960712,5.0,1,BR,Legal,Corporate,IC1,155
76,2018-09-15,2018,4.2202970079612765,5.0,3.7423741963942567,4.407935955269825,1,BR,People,Corporate,IC1,200
77,2018-09-15,2018,,,,,0,BR,Store Operations,Retail,IC2,467
78,2018-09-15,2018,,,,,0,BR,Visual Merchandising,Retail,IC2,586
81,2018-09-15,2018,3.6188207680313655,5.0,2.9335626054622046,3.0704140132249247,1,BR,Procurement,Corporate,M1,187
82,2018-09-15,2018,3.8767112497610032,5.0,3.2497796423454046,3.872738800606252,1,BR,Data & Analytics,Corporate,IC4,92
83,2018-09-15,2018,4.405822553569536,10.0,4.292483645401718,4.685283187263345,1,BR,Planning,Supply Chain,IC1,556
84,2018-09-15,2018,3.215227793928305,5.0,4.078375134548672,2.1707754944925925,1,BR,Procurement,Supply Chain,IC1,780
85,2018-09-15,2018,2.3808140672855496,0.0,2.098685247835661,1.918553252499689,1,BR,Sales,Retail,IC1,391
86,2018-09-15,2018,,,,,0,BR,Engineering,Digital,IC4,177
88,2018-09-15,2018,4.1466549775546255,5.0,3.489505460048303,4.073635581761789,1,BR,Procurement,Corporate,IC2,138
89,2018-09-15,2018,,,,,0,BR,Store Operations,Retail,IC3,467
90,2018-09-15,2018,4.404848800656169,10.0,5.0,4.88185975516118,1,BR,Customer Experience,Customer,IC2,194
91,2018-09-15,2018,,,,,0,BR,Store Operations,Retail,IC1,308
92,2018-09-15,2018,3.613857682772476,5.0,3.8710521955441557,4.225684226818701,1,BR,Data & Analytics,Corporate,M1,509
93,2018-09-15,2018,4.112719481883575,5.0,3.500631678583421,4.077227061405232,1,BR,Customer Service,Customer,IC1,189
94,2018-09-15,2018,,,,,0,BR,Store Operations,Retail,IC1,316
95,2018-09-15,2018,,,,,0,BR,Regional Operations,Retail,IC1,251
96,2018-09-15,2018,3.819128586413865,5.0,3.857015491038215,4.072377018510444,1,BR,Visual Merchandising,Retail,IC1,142
100,2018-09-15,2018,3.740219980483913,5.0,3.7511200159587648,4.522984484840241,1,BR,Finance,Corporate,IC2,254
101,2018-09-15,2018,,,,,0,BR,Customer Operations,Customer,IC1,288
102,2018-09-15,2018,,,,,0,BR,Customer Experience,Customer,IC1,90
105,2018-09-15,2018,3.52396499259016,5.0,4.417662863095634,4.023598079248756,1,BR,Finance,Corporate,IC1,28
109,2018-09-15,2018,3.661676824567401,5.0,3.3717578672124393,4.0767955839333165,1,BR,Distribution Centers,Supply Chain,IC2,48
113,2018-09-15,2018,3.146882970346089,5.0,2.9199832057276573,3.9956662378106262,1,BR,People,Corporate,IC2,183
115,2018-09-15,2018,,,,,0,BR,Regional Operations,Retail,IC2,518
116,2018-09-15,2018,,,,,0,BR,Customer Service,Customer,IC2,243
117,2018-09-15,2018,,,,,0,BR,Risk,Corporate,IC2,261
118,2018-09-15,2018,2.0060134016222544,0.0,2.3806516230451478,2.3101755174454954,1,BR,Product,Digital,IC2,81
119,2018-09-15,2018,,,,,0,BR,Legal,Corporate,IC4,196
121,2018-09-15,2018,,,,,0,BR,Sales,Retail,M4,309
123,2018-09-15,2018,,,,,0,BR,Customer Service,Customer,IC1,242
126,2018-09-15,2018,,,,,0,BR,Logistics,Supply Chain,IC1,568
128,2018-09-15,2018,,,,,0,BR,Sales,Retail,IC2,162
132,2018-09-15,2018,4.036312089270215,5.0,5.0,3.0911825940314483,1,BR,Strategy,Corporate,IC1,494
133,2018-09-15,2018,,,,,0,BR,Customer Experience,Customer,IC1,90
134,2018-09-15,2018,4.078739550842783,5.0,2.676014420222778,3.7552802574762483,1,BR,Customer Service,Customer,IC1,189
137,2018-09-15,2018,3.623713148085673,5.0,3.5160991218690727,2.878391286408429,1,BR,Procurement,Corporate,IC1,166
138,2018-09-15,2018,3.7805533253201884,5.0,3.0266362149562775,3.506264874959671,1,BR,Procurement,Corporate,IC3,45
139,2018-09-15,2018,4.672427487600876,10.0,4.86236006652573,5.0,1,BR,Sales,Retail,IC2,630
142,2018-09-15,2018,4.61322573105449,10.0,5.0,4.364628575657536,1,BR,Sales,Retail,IC2,162
143,2018-09-15,2018,3.6483060347287717,5.0,3.6917373038309473,3.722348884505248,1,BR,Procurement,Supply Chain,IC1,430
146,2018-09-15,2018,2.7223533529485398,0.0,3.112520462912481,2.797010315100536,1,BR,Regional Operations,Retail,IC2,34
148,2018-09-15,2018,3.2356164113684174,5.0,3.0335267389998335,3.858250451979026,1,BR,Planning,Supply Chain,IC1,9
149,2018-09-15,2018,,,,,0,BR,Distribution Centers,Supply Chain,IC1,48
150,2018-09-15,2018,4.207117614174126,5.0,3.8104990263067964,5.0,1,BR,Customer Service,Customer,IC1,461
153,2018-09-15,2018,2.948963690951708,5.0,3.7122481543252586,2.716519229886803,1,BR,Data,Digital,M1,70
155,2018-09-15,2018,2.259601858499994,0.0,2.361230407888534,1.6829045662131836,1,BR,Legal,Corporate,IC2,119
156,2018-09-15,2018,4.770957028821853,10.0,4.323735072160074,4.234748725463775,1,BR,People,Corporate,IC2,278
158,2018-09-15,2018,2.547556937142849,0.0,2.7349705105064617,1.5539726505968998,1,BR,Procurement,Supply Chain,IC1,302
160,2018-09-15,2018,,,,,0,BR,Sales,Retail,IC2,162
162,2018-09-15,2018,,,,,0,BR,Sales,Retail,IC5,721
165,2018-09-15,2018,,,,,0,BR,Customer Operations,Customer,IC2,252
166,2018-09-15,2018,3.6191870816041183,5.0,3.5030274909762196,4.538480750351887,1,BR,Distribution Centers,Supply Chain,IC2,517
167,2018-09-15,2018,3.383889716678764,5.0,3.9114182198344514,4.0651308508832305,1,BR,Regional Operations,Retail,IC2,477
171,2018-09-15,2018,,,,,0,BR,Customer Service,Customer,M2,673
172,2018-09-15,2018,3.4179389226083567,5.0,3.385290419086109,2.6673252853167884,1,BR,Digital Marketing,Digital,IC2,420
174,2018-09-15,2018,,,,,0,BR,Regional Operations,Retail,IC2,34
175,2018-09-15,2018,3.4003245684646233,5.0,3.0692354387365333,1.4167041392224853,1,BR,Procurement,Corporate,IC2,286
177,2018-09-15,2018,2.783504084607449,0.0,3.1400419883486674,2.446901693446953,1,BR,UX,Digital,IC5,528
179,2018-09-15,2018,,,,,0,BR,Planning,Supply Chain,IC1,9
181,2018-09-15,2018,3.3026275637976146,5.0,3.2207895104357602,4.387598693803035,1,BR,Visual Merchandising,Retail,M2,700
182,2018-09-15,2018,,,,,0,BR,Store Operations,Retail,IC1,77
183,2018-09-15,2018,3.5441411907391367,5.0,3.349343089610396,3.5873159745102874,1,BR,People,Corporate,IC4,327
186,2018-09-15,2018,,,,,0,BR,Sales,Retail,IC1,26
187,2018-09-15,2018,,,,,0,BR,Sales,Retail,M2,121
188,2018-09-15,2018,3.590441262186036,5.0,4.161265158109291,2.163571460649831,1,BR,Logistics,Supply Chain,IC1,276
189,2018-09-15,2018,,,,,0,BR,Customer Service,Customer,IC2,171
191,2018-09-15,2018,3.371849236757657,5.0,2.8473167662105547,3.287211414871918,1,BR,Sales,Retail,IC1,326
193,2018-09-15,2018,,,,,0,BR,Strategy,Corporate,M1,261
194,2018-09-15,2018,4.032002062626498,5.0,4.292448145159929,3.778674725904472,1,BR,UX,Digital,M1,281
195,2018-09-15,2018,2.8425920237246203,5.0,3.6826680979354145,2.4686858966345255,1,BR,Procurement,Corporate,IC1,47
196,2018-09-15,2018,2.61124578957243,0.0,3.399397993361924,3.3605621187814156,1,BR,Legal,Corporate,M3,321
200,2018-09-15,2018,3.9795101753203985,5.0,4.53817053075715,2.9036236602177725,1,BR,Visual Merchandising,Retail,IC2,586
203,2018-09-15,2018,,,,,0,BR,Visual Merchandising,Retail,IC1,32
205,2018-09-15,2018,3.514948906600352,5.0,3.0481830950843674,4.181124320738233,1,BR,Visual Merchandising,Retail,IC4,493
206,2018-09-15,2018,4.58419559740509,10.0,4.443855824707105,5.0,1,BR,Logistics,Supply Chain,IC1,277
207,2018-09-15,2018,3.520186892346837,5.0,3.389052035994664,3.9258168568614225,1,BR,Visual Merchandising,Retail,IC1,632
208,2018-09-15,2018,,,,,0,BR,Regional Operations,Retail,M2,212
210,2018-09-15,2018,3.7274887703614987,5.0,3.750870070795163,3.5078512937620125,1,BR,Engineering,Digital,M2,8
212,2018-09-15,2018,4.512697727479512,10.0,3.7324731510429876,5.0,1,BR,Visual Merchandising,Retail,M5,62
214,2018-09-15,2018,3.7576168734178963,5.0,3.6386156559783243,3.6084677858477114,1,BR,Engineering,Digital,IC1,657
215,2018-09-15,2018,3.838564688903834,5.0,4.0633760590824926,3.4723743800937146,1,BR,Procurement,Corporate,IC2,138
217,2018-09-15,2018,3.10979528224302,5.0,1.328927616211131,2.962923939693196,1,BR,Visual Merchandising,Retail,IC1,142
218,2018-09-15,2018,3.4287228921385706,5.0,4.06133919479989,2.7909611706358515,1,BR,Strategy,Corporate,IC4,193
220,2018-09-15,2018,,,,,0,BR,Regional Operations,Retail,IC1,282
223,2018-09-15,2018,3.1782855704059303,5.0,3.687433551356661,2.6168186983753206,1,BR,Visual Merchandising,Retail,IC2,294
224,2018-09-15,2018,,,,,0,BR,Visual Merchandising,Retail,IC2,294
227,2018-09-15,2018,,,,,0,BR,Data & Analytics,Corporate,IC3,92
229,2018-09-15,2018,4.855710478002893,10.0,5.0,5.0,1,BR,Regional Operations,Retail,IC1,174
232,2018-09-15,2018,,,,,0,BR,Data & Analytics,Corporate,IC3,92
238,2018-09-15,2018,4.272504149148068,5.0,4.562620677480861,3.6941479794294807,1,BR,Visual Merchandising,Retail,IC2,273
241,2018-09-15,2018,4.293976942781432,5.0,4.517233452511489,4.435507772530385,1,BR,Customer Operations,Customer,IC1,165
242,2018-09-15,2018,,,,,0,BR,Customer Service,Customer,IC2,171
243,2018-09-15,2018,4.50653521083722,10.0,5.0,4.320828801910005,1,BR,Customer Service,Customer,IC3,171
244,2018-09-15,2018,4.273871740964595,5.0,4.709628403244471,4.5094307940029195,1,BR,Digital Marketing,Digital,IC1,172
245,2018-09-15,2018,2.8208232972057083,5.0,3.872832668042672,2.338053153656858,1,BR,E-commerce,Digital,IC2,787
246,2018-09-15,2018,3.2836695425030658,5.0,3.961265120109646,3.728990551090882,1,BR,Planning,Supply Chain,M2,10
248,2018-09-15,2018,3.7583000308300365,5.0,3.7047425618951606,3.8970047753701946,1,BR,Risk,Corporate,IC2,261
251,2018-09-15,2018,4.385832336430734,10.0,4.814855252400588,5.0,1,BR,Regional Operations,Retail,IC2,34
252,2018-09-15,2018,,,,,0,BR,Visual Merchandising,Retail,M1,264
254,2018-09-15,2018,,,,,0,BR,Finance,Corporate,IC3,60
258,2018-09-15,2018,,,,,0,BR,Store Operations,Retail,IC1,316
261,2018-09-15,2018,4.416178430882169,10.0,4.21636059913918,4.351299695694784,1,BR,Risk,Corporate,M2,321
262,2018-09-15,2018,4.622529548037614,10.0,4.870121976041165,4.168222675052918,1,BR,Store Operations,Retail,IC1,21
263,2018-09-15,2018,3.8108787101059116,5.0,4.960204763381536,4.139661313528304,1,BR,Customer Operations,Customer,IC1,288
264,2018-09-15,2018,,,,,0,BR,Visual Merchandising,Retail,M2,700
270,2018-09-15,2018,,,,,0,BR,Visual Merchandising,Retail,IC2,273
272,2018-09-15,2018,3.8881150132074493,5.0,3.8631518921638173,3.869257087773929,1,BR,Visual Merchandising,Retail,IC1,479
273,2018-09-15,2018,3.3681768511281387,5.0,3.3398843166590186,4.080812339410314,1,BR,Visual Merchandising,Retail,IC3,493
274,2018-09-15,2018,,,,,0,BR,Regional Operations,Retail,IC1,115
275,2018-09-15,2018,,,,,0,BR,Finance,Corporate,IC1,100
276,2018-09-15,2018,2.7959618990998054,0.0,2.7409466475029505,3.326353539364598,1,BR,Logistics,Supply Chain,IC2,162
277,2018-09-15,2018,4.240956059775196,5.0,4.5069467472859985,4.566678644443074,1,BR,Logistics,Supply Chain,IC2,162
278,2018-09-15,2018,4.195203379011412,5.0,5.0,3.780583856988083,1,BR,People,Corporate,IC3,327
279,2018-09-15,2018,3.346220934732224,5.0,3.1680531687544247,2.8461900648909584,1,BR,Visual Merchandising,Retail,IC1,142
280,2018-09-15,2018,4.65907122440643,10.0,4.225371737390958,4.955960699855858,1,BR,Store Operations,Retail,IC3,467
281,2018-09-15,2018,3.959509751702279,5.0,4.292749463615197,2.962290619228612,1,BR,E-commerce,Digital,M2,121
282,2018-09-15,2018,3.415678616125378,5.0,2.4889579770773533,3.166794745987841,1,BR,Regional Operations,Retail,IC2,34
283,2018-09-15,2018,,,,,0,BR,Engineering,Digital,IC3,86
285,2018-09-15,2018,4.059149178151205,5.0,3.6080447140407808,4.316788371104948,1,BR,Digital Marketing,Digital,IC3,566
286,2018-09-15,2018,3.430590463067042,5.0,2.394610908889776,4.338808976761803,1,BR,Procurement,Corporate,IC4,187
288,2018-09-15,2018,,,,,0,BR,Customer Operations,Customer,IC2,252
290,2018-09-15,2018,5.0,10.0,3.703189026936428,4.082294735673641,1,BR,Sales,Retail,IC1,333
292,2018-09-15,2018,4.606188388263567,10.0,5.0,5.0,1,BR,Sales,Retail,M2,121
294,2018-09-15,2018,,,,,0,BR,Visual Merchandising,Retail,IC3,181
295,2018-09-15,2018,3.9261869428765963,5.0,4.160476092780544,3.3171448145233966,1,BR,Procurement,Supply Chain,M1,10
297,2018-09-15,2018,4.600432200887445,10.0,4.340288629402146,4.190412136187772,1,BR,Procurement,Supply Chain,IC4,295
298,2018-09-15,2018,3.8054842338953656,5.0,2.037525811093677,4.368588708723444,1,BR,People,Corporate,IC3,327
301,2018-09-15,2018,,,,,0,BR,Customer Experience,Customer,IC1,90
302,2018-09-15,2018,4.58831973422256,10.0,4.2121431325303345,5.0,1,BR,Procurement,Supply Chain,IC2,319
303,2018-09-15,2018,4.398417460189044,10.0,3.858069996183273,3.6836372271181603,1,BR,Logistics,Supply Chain,M2,10
305,2018-09-15,2018,,,,,0,BR,Planning,Supply Chain,IC3,335
307,2018-09-15,2018,,,,,0,BR,Visual Merchandising,Retail,M2,700
308,2018-09-15,2018,3.534211492532247,5.0,3.398410824819522,4.204161136006286,1,BR,Legal,Corporate,IC4,748
309,2018-09-15,2018,3.7192167187999283,5.0,4.20813814611631,3.945467545191235,1,BR,People,Corporate,M5,62
310,2018-09-15,2018,,,,,0,BR,Customer Service,Customer,M1,70
312,2018-09-15,2018,,,,,0,BR,Sales,Retail,IC1,24
313,2018-09-15,2018,,,,,0,BR,Procurement,Corporate,IC2,47
315,2018-09-15,2018,,,,,0,CL,Logistics,Supply Chain,IC1,28
316,2018-09-15,2018,2.533206608301826,0.0,2.57880773953807,2.547890836284957,1,BR,Store Operations,Retail,IC4,467
319,2018-09-15,2018,,,,,0,BR,Procurement,Supply Chain,IC3,297
320,2018-09-15,2018,4.707524225297257,10.0,4.634686465940959,5.0,1,BR,Customer Experience,Customer,IC1,90
321,2018-09-15,2018,3.180385923333202,5.0,2.1140471390309896,2.527040192584465,1,BR,Marketing,Corporate,M4,309
322,2018-09-15,2018,,,,,0,BR,Store Operations,Retail,IC1,280
323,2018-09-15,2018,2.4161652539424727,0.0,2.6481454362608376,1.8983852173095395,1,BR,Customer Operations,Customer,IC1,165
324,2018-09-15,2018,3.8711580529241365,5.0,3.4897700183844265,3.974823158108755,1,BR,Finance,Corporate,IC2,254
326,2018-09-15,2018,,,,,0,BR,Sales,Retail,IC2,162
327,2018-09-15,2018,2.120719656271974,0.0,2.574294123300966,1.7742836360841383,1,BR,People,Corporate,M1,307
328,2018-09-15,2018,3.902744609559992,5.0,3.195637577004253,3.3292512437295128,1,BR,UX,Digital,IC1,115
330,2018-09-15,2018,3.3294926750102714,5.0,3.4899687123693655,2.4028322311378547,1,BR,Logistics,Supply Chain,IC1,277
331,2018-09-15,2018,,,,,0,BR,Procurement,Supply Chain,IC1,302
333,2018-09-15,2018,3.275966117523448,5.0,3.7418986959503346,2.801251967886747,1,BR,Sales,Retail,IC2,29
335,2018-09-15,2018,,,,,0,BR,Planning,Supply Chain,M1,246
337,2018-09-15,2018,,,,,0,AR,Customer Service,Customer,IC1,344
341,2018-09-15,2018,,,,,0,AR,Sales,Retail,M1,8
342,2018-09-15,2018,3.9745268093704174,5.0,3.586782125024775,4.062476894827357,1,BR,Customer Operations,Customer,IC1,288
343,2018-09-15,2018,3.205405559411566,5.0,3.6487625029761412,3.9660123359055635,1,AR,Sales,Retail,M1,261
344,2018-09-15,2018,3.73747971918491,5.0,2.9874169217650266,4.5862072398169875,1,AR,Planning,Supply Chain,IC2,541
345,2018-09-15,2018,3.482353811142428,5.0,4.115170046656043,3.276538148397413,1,AR,Logistics,Supply Chain,IC1,368
346,2018-09-15,2018,,,,,0,AR,Sales,Retail,IC1,379
347,2018-09-15,2018,,,,,0,AR,Customer Service,Customer,IC1,401
349,2018-09-15,2018,3.290512918755007,5.0,2.5568013635378657,2.4220994275972223,1,AR,Regional Operations,Retail,IC1,506
352,2018-09-15,2018,3.294964550336764,5.0,4.098977570158316,2.639974479799343,1,AR,Marketing,Corporate,IC4,341
355,2018-09-15,2018,2.839431971234693,5.0,2.7677386726009967,2.4401547004393036,1,AR,Planning,Supply Chain,IC2,541
357,2018-09-15,2018,4.080822090061073,5.0,3.539902791524172,4.888078266525593,1,AR,Distribution Centers,Supply Chain,IC3,416
363,2018-09-15,2018,,,,,0,AR,Visual Merchandising,Retail,M1,307
365,2018-09-15,2018,2.755384980470053,0.0,2.7546866238435666,3.7997564990536095,1,AR,Visual Merchandising,Retail,IC3,363
366,2018-09-15,2018,2.6480959064008185,0.0,2.7223250563738954,3.5729362305365067,1,AR,Sales,Retail,IC1,379
368,2018-09-15,2018,3.718190409036849,5.0,2.9570447007554184,4.194308320436329,1,AR,Logistics,Supply Chain,IC2,357
373,2018-09-15,2018,4.1089016636585916,5.0,4.22884439376616,4.962409499986978,1,AR,Planning,Supply Chain,IC2,541
375,2018-09-15,2018,2.9935858730752356,5.0,2.011052528375344,2.858556072245087,1,AR,Store Operations,Retail,IC3,416
378,2018-09-15,2018,4.242378388674715,5.0,5.0,5.0,1,AR,Regional Operations,Retail,IC1,506
379,2018-09-15,2018,,,,,0,AR,Sales,Retail,IC3,341
380,2018-09-15,2018,,,,,0,AR,Store Operations,Retail,IC1,375
384,2018-09-15,2018,3.947321341357002,5.0,3.7600385527337905,5.0,1,BR,Data & Analytics,Corporate,IC2,227
386,2018-09-15,2018,3.6316816364142532,5.0,4.452809601120287,3.5091165460217653,1,BR,Visual Merchandising,Retail,IC1,11
391,2018-09-15,2018,,,,,0,BR,Sales,Retail,IC2,162
392,2018-09-15,2018,2.506019396764186,0.0,2.194358453594001,2.2201228394598544,1,BR,Risk,Corporate,IC1,248
395,2018-09-15,2018,3.5762489812357874,5.0,2.9700131254976982,3.880019913842312,1,BR,Regional Operations,Retail,IC2,34
399,2018-09-15,2018,3.1506303121766654,5.0,2.819567394338497,4.056888746126925,1,BR,Sales,Retail,IC2,630
401,2018-09-15,2018,3.798444032008118,5.0,4.073831693796122,3.9996744916789737,1,AR,Planning,Supply Chain,IC2,541
403,2018-09-15,2018,3.0646136906506634,5.0,2.3272448838960393,2.325512992521579,1,BR,Legal,Corporate,IC3,196
404,2018-09-15,2018,3.856763496929619,5.0,4.368080432414077,4.675472262414351,1,BR,Product,Digital,IC4,482
405,2018-09-15,2018,,,,,0,BR,Procurement,Supply Chain,IC1,302
406,2018-09-15,2018,,,,,0,BR,Regional Operations,Retail,IC4,34
411,2018-09-15,2018,4.068307199967271,5.0,3.925156570796127,4.599819068803077,1,BR,Customer Experience,Customer,IC1,90
414,2018-09-15,2018,2.53118870682148,0.0,2.406392914985332,2.493942117046347,1,BR,Visual Merchandising,Retail,IC1,78
416,2018-09-15,2018,3.7038300138472713,5.0,4.547574378904776,2.9950150910881437,1,BR,Engineering,Digital,IC5,70
420,2018-09-15,2018,3.1907707237981215,5.0,2.3679596072452544,3.618932819461555,1,BR,Digital Marketing,Digital,IC3,8
422,2018-09-15,2018,,,,,0,BR,Visual Merchandising,Retail,IC1,224
423,2018-09-15,2018,2.818766959967281,5.0,3.024551239122004,2.8895536370614807,1,BR,Customer Service,Customer,IC1,391
425,2018-09-15,2018,3.6693765912133047,5.0,3.6431548410918047,3.6677041017062546,1,BR,Planning,Supply Chain,IC1,9
430,2018-09-15,2018,3.5779826240346932,5.0,3.240614741516974,3.881680555488069,1,BR,Procurement,Supply Chain,IC2,319
433,2018-09-15,2018,2.8495478560390017,5.0,3.666533166958671,2.987983712129551,1,BR,Customer Experience,Customer,M1,303
436,2018-09-15,2018,2.3065497429891497,0.0,2.7462608479475925,3.830973263247011,1,BR,Visual Merchandising,Retail,IC2,294
438,2018-09-15,2018,,,,,0,AR,Visual Merchandising,Retail,M2,281
440,2018-09-15,2018,4.31833217426312,10.0,4.091750057726773,4.393323944777958,1,BR,Marketing,Corporate,M2,321
441,2018-09-15,2018,,,,,0,BR,Legal,Corporate,IC3,406
444,2018-09-15,2018,3.66639070694593,5.0,3.9535023691869617,4.5412845288153605,1,BR,Strategy,Corporate,IC4,29
447,2018-09-15,2018,3.2466099251553584,5.0,2.786920033298712,4.07456816574912,1,BR,People,Corporate,IC2,183
448,2018-09-15,2018,3.1301167658905285,5.0,4.8556837427194015,3.6907810726600454,1,BR,Customer Operations,Customer,IC3,252
452,2018-09-15,2018,,,,,0,AR,Planning,Supply Chain,IC2,672
458,2018-09-15,2018,,,,,0,BR,Store Operations,Retail,IC1,21
461,2018-09-15,2018,,,,,0,BR,Customer Service,Customer,IC2,243
464,2018-09-15,2018,3.940418801495513,5.0,4.950013010483088,3.4952802591271763,1,BR,Legal,Corporate,IC2,403
466,2018-09-15,2018,4.034042329475132,5.0,4.00439170087283,4.228531812487467,1,BR,Regional Operations,Retail,IC2,34
467,2018-09-15,2018,,,,,0,BR,Store Operations,Retail,M1,65
468,2018-09-15,2018,,,,,0,BR,Planning,Supply Chain,IC1,843
469,2018-09-15,2018,3.602609153729649,5.0,2.863149346829034,3.9502500415890105,1,BR,Store Operations,Retail,IC1,77
473,2018-09-15,2018,4.144978246923174,5.0,4.150114562021691,4.143198277584929,1,BR,Sales,Retail,IC2,162
474,2018-09-15,2018,3.6740619927541083,5.0,2.8346351575856064,2.5623602097281655,1,BR,Planning,Supply Chain,IC3,335
475,2018-09-15,2018,3.0677307828834377,5.0,3.0167599780352115,2.5505618561756687,1,BR,Finance,Corporate,IC1,324
476,2018-09-15,2018,2.270068655898534,0.0,1.8261085585036492,2.892047264957691,1,BR,Sales,Retail,IC1,473
477,2018-09-15,2018,2.9532276965764104,5.0,2.4121595547309482,3.84377149257432,1,BR,Regional Operations,Retail,IC3,406
479,2018-09-15,2018,,,,,0,BR,Visual Merchandising,Retail,IC2,273
482,2018-09-15,2018,3.9239838487735383,5.0,4.219145134492976,4.498026061598677,1,BR,Product,Digital,M2,687
484,2018-09-15,2018,3.5545232860142812,5.0,3.9492239573124355,3.5688081617999154,1,BR,Visual Merchandising,Retail,IC1,270
486,2018-09-15,2018,4.469662823262545,10.0,4.216223381252088,5.0,1,BR,Customer Service,Customer,IC1,461
488,2018-09-15,2018,,,,,0,BR,Sales,Retail,IC1,473
493,2018-09-15,2018,5.0,10.0,5.0,3.940864220511977,1,BR,Visual Merchandising,Retail,M1,212
494,2018-09-15,2018,,,,,0,BR,Strategy,Corporate,IC3,444
495,2018-09-15,2018,4.3874645319307275,10.0,4.685345117442027,4.909544280966181,1,BR,Regional Operations,Retail,IC1,146
499,2018-09-15,2018,4.512925967620455,10.0,3.949356580984003,4.58393348828803,1,AR,Customer Operations,Customer,IC2,352
502,2018-09-15,2018,,,,,0,BR,Visual Merchandising,Retail,IC2,294
503,2018-09-15,2018,,,,,0,BR,Store Operations,Retail,M2,212
504,2018-09-15,2018,4.083874912447062,5.0,3.354788319811722,4.0012361343306155,1,BR,Data & Analytics,Corporate,IC1,232
505,2018-09-15,2018,,,,,0,BR,Planning,Supply Chain,IC2,305
506,2018-09-15,2018,2.926803645544125,5.0,3.1661818023230355,3.2951277599715656,1,AR,Regional Operations,Retail,IC2,375
509,2018-09-15,2018,4.5723479915709,10.0,4.409749045778807,4.566067449719999,1,BR,Data & Analytics,Corporate,M2,14
511,2018-09-15,2018,4.370427095242448,10.0,4.926002397409055,4.105200683869055,1,BR,Procurement,Supply Chain,IC1,786
516,2018-09-15,2018,4.4785023533084685,10.0,4.3300530492339195,4.523030692864834,1,BR,Data,Digital,IC4,750
517,2018-09-15,2018,4.478201623923143,10.0,4.404065708851231,4.37392112132569,1,BR,Distribution Centers,Supply Chain,IC3,162
518,2018-09-15,2018,,,,,0,BR,Regional Operations,Retail,IC3,208
520,2018-09-15,2018,3.146439314509761,5.0,3.1477770227442323,2.2360103434404888,1,BR,Customer Experience,Customer,IC1,90
521,2018-09-15,2018,,,,,0,BR,Customer Service,Customer,IC2,243
522,2018-09-15,2018,3.7683012686735036,5.0,3.5040261932240844,4.13878918633219,1,BR,Engineering,Digital,IC3,210
523,2018-09-15,2018,3.0339512477347603,5.0,2.17439427900738,1.7657339950518385,1,BR,Customer Operations,Customer,IC1,288
526,2018-09-15,2018,3.7157711486644547,5.0,4.529332553412131,4.439538446517837,1,AR,Planning,Supply Chain,IC1,355
528,2018-09-15,2018,4.148689964026689,5.0,2.6178436748806844,3.8685177104131148,1,BR,Engineering,Digital,M1,281
529,2018-09-15,2018,,,,,0,BR,Logistics,Supply Chain,IC1,276
530,2018-09-15,2018,4.685950317622414,10.0,5.0,4.842007563710808,1,AR,Customer Service,Customer,IC2,352
532,2018-09-15,2018,3.527886824967318,5.0,4.072121865005663,3.9689993004906814,1,BR,Visual Merchandising,Retail,IC1,436
534,2018-09-15,2018,5.0,10.0,5.0,3.7376172011247726,1,BR,Engineering,Digital,IC1,283
537,2018-09-15,2018,3.5486162296084944,5.0,3.3403688002547027,4.138845065721249,1,BR,Marketing,Corporate,IC5,440
538,2018-09-15,2018,3.308034078619672,5.0,2.9747475533787497,2.5347759856660836,1,BR,Visual Merchandising,Retail,IC1,502
539,2018-09-15,2018,,,,,0,BR,Strategy,Corporate,M2,14
541,2018-09-15,2018,3.1158445594620905,5.0,2.744291507519513,4.730183603239684,1,CL,Logistics,Supply Chain,IC3,570
542,2018-09-15,2018,3.409673240832829,5.0,2.795419161605137,3.856964606204289,1,AR,Regional Operations,Retail,IC1,506
543,2018-09-15,2018,,,,,0,BR,Legal,Corporate,IC3,406
544,2018-09-15,2018,4.429262983989718,10.0,5.0,5.0,1,BR,Visual Merchandising,Retail,IC1,223
546,2018-09-15,2018,5.0,10.0,5.0,5.0,1,BR,Store Operations,Retail,IC1,280
547,2018-09-15,2018,4.43307798590148,10.0,5.0,5.0,1,BR,Strategy,Corporate,IC2,725
551,2018-09-15,2018,3.912695726018794,5.0,3.6023052880729804,3.984173984389002,1,BR,Procurement,Supply Chain,IC3,297
552,2018-09-15,2018,4.1962433657986224,5.0,3.6237953392797557,4.090780981658145,1,BR,Customer Experience,Customer,M1,70
555,2018-09-15,2018,,,,,0,BR,Distribution Centers,Supply Chain,IC5,648
556,2018-09-15,2018,2.9166296115377417,5.0,2.391605403461539,3.0309416840417907,1,BR,Planning,Supply Chain,IC2,305
557,2018-09-15,2018,4.0511199981904245,5.0,4.062866743773606,4.859099008469997,1,BR,Data & Analytics,Corporate,IC2,227
558,2018-09-15,2018,2.9674348772399113,5.0,2.254208583304819,3.2806037959968744,1,BR,Sales,Retail,IC1,473
561,2018-09-15,2018,,,,,0,BR,Procurement,Supply Chain,IC1,780
566,2018-09-15,2018,4.432939148161547,10.0,4.62611032832512,4.414356856472663,1,BR,Finance,Corporate,IC4,761
568,2018-09-15,2018,5.0,10.0,5.0,4.581547227593083,1,BR,Logistics,Supply Chain,IC2,162
570,2018-09-15,2018,4.513829873924372,10.0,5.0,4.686589424543886,1,BR,Product,Digital,IC4,482
571,2018-09-15,2018,3.651924922009612,5.0,3.4213428890857394,3.9680377867145826,1,BR,Sales,Retail,IC1,139
572,2018-09-15,2018,3.7540675730476587,5.0,3.2592716306730107,2.7036460287453004,1,AR,Visual Merchandising,Retail,IC1,365
573,2018-09-15,2018,,,,,0,BR,Regional Operations,Retail,IC1,12
574,2018-09-15,2018,,,,,0,AR,Sales,Retail,IC1,379
576,2018-09-15,2018,4.126573226795692,5.0,4.8129917985426625,5.0,1,BR,Finance,Corporate,IC3,598
577,2018-09-15,2018,3.0656148857005987,5.0,2.017471065617951,2.8731704550345736,1,BR,Visual Merchandising,Retail,IC1,223
579,2018-09-15,2018,3.4290964930090504,5.0,4.15226039462908,2.7977984239369764,1,BR,Regional Operations,Retail,IC1,31
580,2018-09-15,2018,2.55719161562077,0.0,2.0143337212513734,3.7340803426777267,1,AR,Store Operations,Retail,IC1,375
582,2018-09-15,2018,3.7024793836608136,5.0,3.304665576604217,3.9675638486894313,1,BR,Sales,Retail,IC1,26
583,2018-09-15,2018,4.6105541124092095,10.0,4.060096104838091,4.289097613177791,1,BR,Visual Merchandising,Retail,IC2,273
584,2018-09-15,2018,3.8784011715171927,5.0,3.9067026602601445,4.167590217281099,1,BR,Visual Merchandising,Retail,IC2,294
586,2018-09-15,2018,3.315310193282186,5.0,3.1742468335280947,3.650448781090346,1,BR,Visual Merchandising,Retail,IC3,181
587,2018-09-15,2018,3.200460422666332,5.0,2.639075724920208,3.4895922976576346,1,BR,Digital Marketing,Digital,M1,8
588,2018-09-15,2018,3.4995275685526304,5.0,4.044305839351341,3.3143812706973548,1,BR,Digital Marketing,Digital,IC2,576
589,2018-09-15,2018,,,,,0,BR,Sales,Retail,IC1,399
591,2018-09-15,2018,3.617528920158577,5.0,3.7875330410525576,3.194282666778016,1,BR,Legal,Corporate,IC1,464
592,2018-09-15,2018,2.805894904205469,5.0,1.7544214326170207,2.5126077679460397,1,BR,Customer Service,Customer,IC2,243
594,2018-09-15,2018,3.4310120317041983,5.0,3.602004769797448,2.6984069960045947,1,BR,Data & Analytics,Corporate,IC1,557
596,2018-09-15,2018,3.190342041375272,5.0,3.9878612448059694,3.4375673515021115,1,BR,Customer Service,Customer,IC1,592
598,2018-09-15,2018,3.4224450093257976,5.0,4.176133711126534,2.666799484266829,1,BR,People,Corporate,IC4,327
606,2018-09-15,2018,4.796529036055839,10.0,3.9283173918481316,5.0,1,BR,Regional Operations,Retail,IC1,395
607,2018-09-15,2018,3.4624423224061447,5.0,3.395223528855591,3.769289737607613,1,BR,Legal,Corporate,IC3,406
608,2018-09-15,2018,2.683654572681672,0.0,3.168134667434208,3.4810735982397865,1,BR,Customer Experience,Customer,IC1,620
609,2018-09-15,2018,3.048637648734362,5.0,3.2952145199656386,3.1736444141150066,1,BR,Regional Operations,Retail,IC3,208
610,2018-09-15,2018,5.0,10.0,5.0,4.281371668912955,1,BR,Procurement,Corporate,IC2,47
612,2018-09-15,2018,3.9228425055453386,5.0,3.0739851678920846,3.4985265603236853,1,BR,Planning,Supply Chain,M2,10
613,2018-09-15,2018,2.379792489949342,0.0,2.057445681711385,2.4926448822355187,1,BR,Customer Service,Customer,IC1,592
614,2018-09-15,2018,,,,,0,BR,Regional Operations,Retail,IC3,406
615,2018-09-15,2018,,,,,0,BR,Logistics,Supply Chain,IC1,277
616,2018-09-15,2018,3.1911406860939993,5.0,2.8160965091391827,3.8166664004878257,1,BR,Store Operations,Retail,IC1,66
618,2018-09-15,2018,,,,,0,BR,Data,Digital,IC4,153
619,2018-09-15,2018,4.076800399889577,5.0,5.0,3.4822491269688074,1,BR,Store Operations,Retail,IC1,66
620,2018-09-15,2018,2.8754675054352568,5.0,2.5139947845100257,2.868259338848672,1,BR,Customer Experience,Customer,IC2,552
623,2018-09-15,2018,,,,,0,BR,Visual Merchandising,Retail,IC4,868
626,2018-09-15,2018,2.984703591297558,5.0,2.168870473123324,2.362893730197351,1,AR,Visual Merchandising,Retail,M1,438
628,2018-09-15,2018,3.818115244270508,5.0,3.458430917402,4.347714330024672,1,BR,Visual Merchandising,Retail,IC1,584
629,2018-09-15,2018,4.171236124730488,5.0,3.8118475077099148,4.281321151509432,1,BR,Product,Digital,IC1,118
630,2018-09-15,2018,,,,,0,BR,Sales,Retail,IC3,29
631,2018-09-15,2018,2.427299447441645,0.0,2.3265492714623477,2.6253404711365804,1,BR,Regional Operations,Retail,IC2,609
632,2018-09-15,2018,3.304162219585952,5.0,3.0503509631255343,4.505229572400143,1,BR,Visual Merchandising,Retail,IC2,586
636,2018-09-15,2018,3.5759175375818355,5.0,3.357308147556609,2.730178612387842,1,BR,Marketing,Corporate,IC4,537
638,2018-09-15,2018,4.688619509286013,10.0,5.0,4.504646069673513,1,BR,People,Corporate,IC2,278
642,2018-09-15,2018,3.939384360735759,5.0,4.103363444099064,4.295207348614514,1,BR,Distribution Centers,Supply Chain,IC1,109
643,2018-09-15,2018,,,,,0,BR,Regional Operations,Retail,IC1,614
645,2018-09-15,2018,,,,,0,BR,Customer Experience,Customer,IC2,433
648,2018-09-15,2018,3.0888381064007358,5.0,3.10631115121389,3.1536794637743957,1,BR,Distribution Centers,Supply Chain,M2,10
649,2018-09-15,2018,2.6643491124474874,0.0,3.289817615315679,2.7949054592947538,1,BR,Store Operations,Retail,IC2,316
650,2018-09-15,2018,3.7629379553468523,5.0,3.7335441191876955,4.925802752223503,1,BR,Visual Merchandising,Retail,IC1,656
652,2018-09-15,2018,3.2478236500454343,5.0,3.623577711678032,1.4885833323112407,1,BR,Customer Experience,Customer,IC2,552
653,2018-09-15,2018,3.1312939986471173,5.0,3.212961899238307,2.2928133416672423,1,BR,Finance,Corporate,IC4,286
656,2018-09-15,2018,,,,,0,BR,Visual Merchandising,Retail,IC2,586
657,2018-09-15,2018,3.124996908646718,5.0,2.6818497488322297,3.1449397267102412,1,BR,Engineering,Digital,IC2,283
658,2018-09-15,2018,,,,,0,BR,Store Operations,Retail,IC2,316
659,2018-09-15,2018,2.1878277183730095,0.0,3.0887908530530486,2.284250131057755,1,BR,Marketing,Corporate,IC2,636
660,2018-09-15,2018,,,,,0,BR,Sales,Retail,IC1,24
665,2018-09-15,2018,4.373791221420473,10.0,3.796317591535355,3.460683421697263,1,BR,Distribution Centers,Supply Chain,IC3,555
666,2018-09-15,2018,3.8778590257247365,5.0,4.410045561984061,2.6651919068780856,1,AR,Visual Merchandising,Retail,IC1,365
669,2018-09-15,2018,,,,,0,BR,Visual Merchandising,Retail,IC1,583
672,2018-09-15,2018,,,,,0,AR,Distribution Centers,Supply Chain,IC3,352
673,2018-09-15,2018,3.091266041984336,5.0,2.99025323654261,2.215240132472923,1,BR,Customer Operations,Customer,M3,212
674,2018-09-15,2018,,,,,0,AR,Logistics,Supply Chain,IC3,352
675,2018-09-15,2018,4.404625671703402,10.0,5.0,4.109048562001802,1,BR,UX,Digital,IC3,205
677,2018-09-15,2018,4.585139706514006,10.0,4.658054220426348,4.10738824328879,1,BR,Sales,Retail,IC2,162
678,2018-09-15,2018,4.26005615145926,5.0,4.263727327038299,4.71244863973175,1,BR,Customer Service,Customer,IC1,592
679,2018-09-15,2018,2.3006720114828894,0.0,2.527998040342414,3.423969489719744,1,BR,Store Operations,Retail,IC1,649
681,2018-09-15,2018,3.7079215902876763,5.0,3.2051287788722957,3.680793829850624,1,BR,Procurement,Supply Chain,IC1,786
683,2018-09-15,2018,,,,,0,BR,Visual Merchandising,Retail,IC1,11
684,2018-09-15,2018,4.602044000508931,10.0,4.603766549103754,4.446322822588169,1,BR,Legal,Corporate,IC4,307
686,2018-09-15,2018,,,,,0,BR,Strategy,Corporate,IC2,494
687,2018-09-15,2018,3.4629220772635714,5.0,2.2717494841654267,2.887912623992289,1,BR,Data & Analytics,Corporate,M3,321
688,2018-09-15,2018,,,,,0,BR,Store Operations,Retail,IC1,658
690,2018-09-15,2018,,,,,0,BR,Sales,Retail,IC2,162
691,2018-09-15,2018,,,,,0,BR,Store Operations,Retail,IC3,467
692,2018-09-15,2018,4.259496399065022,5.0,5.0,3.1291216379028564,1,BR,Procurement,Corporate,M4,62
696,2018-09-15,2018,3.8051365687815744,5.0,4.330801794101888,2.7571010029937097,1,BR,Sales,Retail,IC2,162
698,2018-09-15,2018,4.542234496362153,10.0,3.943732572978543,4.250393583195994,1,BR,Logistics,Supply Chain,IC1,277
699,2018-09-15,2018,3.6578762167796404,5.0,2.945809234659473,3.5501100146530273,1,BR,UX,Digital,M1,70
700,2018-09-15,2018,5.0,10.0,4.33647885973135,5.0,1,BR,Visual Merchandising,Retail,M4,309
701,2018-09-15,2018,2.4227161310908105,0.0,2.7690574756695825,2.9868348782677665,1,BR,Sales,Retail,IC1,677
702,2018-09-15,2018,4.1856617071092765,5.0,2.7304506652951774,3.7803063182569594,1,BR,Customer Service,Customer,IC5,310
703,2018-09-15,2018,4.549565646384631,10.0,5.0,4.79666802497431,1,BR,Sales,Retail,IC1,690
704,2018-09-15,2018,1.6347536081534277,0.0,1.0,1.604542135061994,1,BR,Customer Service,Customer,IC1,242
705,2018-09-15,2018,3.3872717868387228,5.0,4.02478209580289,3.383741769980938,1,AR,Store Operations,Retail,IC1,375
707,2018-09-15,2018,3.5902589311184467,5.0,3.433191709789132,3.2118233786855,1,BR,Digital Marketing,Digital,IC3,566
708,2018-09-15,2018,,,,,0,BR,Store Operations,Retail,M4,309
709,2018-09-15,2018,3.762925907717124,5.0,4.549003536301681,3.056926439222205,1,BR,Customer Experience,Customer,IC1,652
711,2018-09-15,2018,,,,,0,BR,Risk,Corporate,D2,
712,2018-09-15,2018,4.419992841279498,10.0,4.164133861799721,3.5800560409813182,1,BR,Data,Digital,IC3,618
713,2018-09-15,2018,,,,,0,BR,Customer Experience,Customer,IC1,645
714,2018-09-15,2018,2.4793408092855116,0.0,3.55199997462989,2.360322972919747,1,BR,Visual Merchandising,Retail,IC1,224
716,2018-09-15,2018,,,,,0,AR,Customer Service,Customer,IC1,530
717,2018-09-15,2018,3.245764753041671,5.0,4.431831479940383,4.024951332885721,1,BR,Regional Operations,Retail,IC1,466
719,2018-09-15,2018,3.9094649839632885,5.0,4.430901669800853,4.804936716950088,1,BR,Procurement,Corporate,IC4,187
721,2018-09-15,2018,4.440846148195856,10.0,3.635621238715753,4.552880800054408,1,BR,Sales,Retail,M1,292
722,2018-09-15,2018,3.7324810865969456,5.0,3.3659466559969897,3.270226551037282,1,BR,Store Operations,Retail,IC1,280
724,2018-09-15,2018,2.3060347721681533,0.0,1.8492143769874647,2.6205342877063815,1,AR,Customer Experience,Customer,IC1,530
725,2018-09-15,2018,4.832587599988064,10.0,4.344904949695983,5.0,1,BR,Strategy,Corporate,IC3,218
728,2018-09-15,2018,3.578271572550103,5.0,4.226948382608881,3.425124076255877,1,BR,Procurement,Supply Chain,IC1,302
729,2018-09-15,2018,,,,,0,BR,Logistics,Supply Chain,IC2,623
730,2018-09-15,2018,4.492098777260109,10.0,5.0,3.9711733820324104,1,BR,E-commerce,Digital,IC4,281
731,2018-09-15,2018,2.4652557306732974,0.0,2.147178189605626,2.6804038964265997,1,BR,Sales,Retail,IC1,696
733,2018-09-15,2018,,,,,0,BR,Sales,Retail,IC1,61
734,2018-09-15,2018,3.8389476842111234,5.0,4.30864181844455,4.034734165908906,1,BR,Visual Merchandising,Retail,IC1,78
735,2018-09-15,2018,3.3313777205984043,5.0,2.966027240074016,5.0,1,BR,Data & Analytics,Corporate,IC2,227
736,2018-09-15,2018,3.5320541696784202,5.0,3.733450170013195,3.111679503347793,1,BR,Visual Merchandising,Retail,IC2,586
737,2018-09-15,2018,3.588704038763527,5.0,3.902413955213213,5.0,1,BR,Customer Operations,Customer,IC1,165
739,2018-09-15,2018,3.049443504378889,5.0,2.486202366371053,3.9779138341130404,1,BR,Distribution Centers,Supply Chain,IC1,109
740,2018-09-15,2018,4.4079680322695465,10.0,4.892021375399077,4.489111705549286,1,BR,Data,Digital,IC2,712
741,2018-09-15,2018,4.531820212199387,10.0,4.398813031274422,4.274260318193644,1,BR,Distribution Centers,Supply Chain,IC4,555
743,2018-09-15,2018,3.8887523777667745,5.0,4.118571430852886,3.63156609521467,1,CL,Customer Experience,Customer,IC2,541
744,2018-09-15,2018,,,,,0,BR,Planning,Supply Chain,IC5,335
745,2018-09-15,2018,,,,,0,BR,Logistics,Supply Chain,IC1,729
746,2018-09-15,2018,3.749322112798635,5.0,4.303404775191627,4.493083084299504,1,BR,Customer Operations,Customer,IC1,288
747,2018-09-15,2018,3.2545871022547943,5.0,3.951643003822608,3.7246377616615107,1,BR,Visual Merchandising,Retail,IC1,238
748,2018-09-15,2018,5.0,10.0,4.634721028251866,5.0,1,BR,Legal,Corporate,M3,692
749,2018-09-15,2018,,,,,0,BR,Customer Experience,Customer,IC1,652
750,2018-09-15,2018,3.6991561998334643,5.0,3.6939572802696263,3.8830589058681775,1,BR,Data,Digital,M1,8
751,2018-09-15,2018,4.551826449644711,10.0,3.930119568036918,4.537919059109194,1,BR,Logistics,Supply Chain,IC2,623
752,2018-09-15,2018,3.3100828984332176,5.0,2.9461287783003156,3.3654964914458296,1,BR,Customer Operations,Customer,IC1,165
753,2018-09-15,2018,4.1085132304118215,5.0,4.57058054040767,3.041592926018514,1,BR,Store Operations,Retail,IC1,649
754,2018-09-15,2018,3.8676356795582247,5.0,4.808466159000087,3.3275552056365107,1,BR,Product,Digital,IC1,116
755,2018-09-15,2018,3.2924675425730676,5.0,3.46324369887716,3.3074478330458095,1,BR,Marketing,Corporate,IC1,659
756,2018-09-15,2018,3.073372901977516,5.0,1.425661182904796,2.2030917885004513,1,MX,Regional Operations,Retail,IC2,18
757,2018-09-15,2018,,,,,0,BR,Sales,Retail,IC1,333
759,2018-09-15,2018,,,,,0,AR,Distribution Centers,Supply Chain,IC1,672
760,2018-09-15,2018,3.8885869992814426,5.0,3.932315863936541,3.719657468924421,1,BR,Digital Marketing,Digital,IC2,707
761,2018-09-15,2018,3.9893176023565244,5.0,3.778565958390933,4.976167348776081,1,BR,Finance,Corporate,M3,692
762,2018-09-15,2018,4.099411479901699,5.0,4.781096192754132,3.983687242486918,1,BR,Sales,Retail,IC1,61
763,2018-09-15,2018,3.2806732533120084,5.0,3.8102714691949946,2.5071761675655653,1,BR,Legal,Corporate,IC4,748
765,2018-09-15,2018,3.7779967297573904,5.0,3.438564954358183,2.9484826914825115,1,BR,Risk,Corporate,IC2,261
766,2018-09-15,2018,,,,,0,BR,Distribution Centers,Supply Chain,IC1,166
767,2018-09-15,2018,,,,,0,BR,Sales,Retail,IC1,160
768,2018-09-15,2018,2.825224111683026,5.0,2.6513627150007824,3.3525497858867768,1,BR,Logistics,Supply Chain,M1,303
770,2018-09-15,2018,5.0,10.0,4.33992741091651,4.453108330319275,1,BR,Distribution Centers,Supply Chain,IC2,665
771,2018-09-15,2018,3.606112747062082,5.0,3.35338014990071,4.201749899053352,1,BR,Distribution Centers,Supply Chain,M1,648
772,2018-09-15,2018,4.912946966812697,10.0,4.690390635162502,5.0,1,BR,Planning,Supply Chain,IC1,505
773,2018-09-15,2018,3.9673623723178757,5.0,3.115544962787678,4.081038029803071,1,BR,Digital Marketing,Digital,IC3,587
775,2018-09-15,2018,3.5668645647579664,5.0,3.699244298527642,2.942618544440575,1,BR,Sales,Retail,IC1,326
776,2018-09-15,2018,2.8652988412810805,5.0,2.40845015846799,2.8782121690974947,1,BR,Sales,Retail,IC1,128
777,2018-09-15,2018,4.296361205719578,5.0,4.793342331249789,3.487779091962452,1,BR,Procurement,Corporate,IC3,82
778,2018-09-15,2018,3.7579610532298453,5.0,4.537648189491613,3.535422060711382,1,BR,Regional Operations,Retail,IC2,27
780,2018-09-15,2018,2.271700225308056,0.0,2.7999431013295757,2.7340092979034227,1,BR,Procurement,Supply Chain,IC2,551
781,2018-09-15,2018,1.7958410188689733,0.0,1.443631710420382,2.4957545253709768,1,BR,Visual Merchandising,Retail,IC1,32
782,2018-09-15,2018,4.085846885497958,5.0,3.833654765280701,3.6875280761189204,1,BR,Regional Operations,Retail,M2,708
783,2018-09-15,2018,3.5491905720172414,5.0,3.2454581244686933,2.6579741708204345,1,BR,Data & Analytics,Corporate,IC3,92
784,2018-09-15,2018,3.135174272115561,5.0,3.3889376057677483,4.265132886386083,1,MX,People,Corporate,IC1,756
785,2018-09-15,2018,2.680195308767738,0.0,3.0690083028743924,2.1310120783419673,1,BR,People,Corporate,IC3,598
786,2018-09-15,2018,,,,,0,BR,Procurement,Supply Chain,IC2,551
787,2018-09-15,2018,2.813387430195088,5.0,3.1516867335037815,1.6977019663792667,1,BR,E-commerce,Digital,IC3,730
788,2018-09-15,2018,,,,,0,MX,Risk,Corporate,IC2,89
791,2018-09-15,2018,,,,,0,BR,Logistics,Supply Chain,IC1,69
792,2018-09-15,2018,3.751130723031944,5.0,4.0356573969992375,4.079951753242935,1,BR,Data & Analytics,Corporate,M5,62
793,2018-09-15,2018,,,,,0,BR,Sales,Retail,IC2,630
794,2018-09-15,2018,3.2708195853619264,5.0,3.463312258467661,3.5209849630234022,1,BR,Risk,Corporate,IC2,261
795,2018-09-15,2018,,,,,0,BR,Planning,Supply Chain,IC1,808
796,2018-09-15,2018,,,,,0,BR,Visual Merchandising,Retail,IC1,238
798,2018-09-15,2018,,,,,0,BR,Procurement,Supply Chain,IC2,319
799,2018-09-15,2018,4.379615367423306,10.0,5.0,4.237300672638054,1,AR,Sales,Retail,IC1,379
800,2018-09-15,2018,,,,,0,BR,Sales,Retail,M1,292
801,2018-09-15,2018,5.0,10.0,4.588334169358386,4.801477923052577,1,BR,Sales,Retail,IC1,793
802,2018-09-15,2018,2.7051285853162246,0.0,2.540533195072071,2.893690571505087,1,BR,Product,Digital,IC3,404
803,2018-09-15,2018,4.150624459395817,5.0,2.9982320970031733,2.8745166263593056,1,MX,Visual Merchandising,Retail,IC1,756
804,2018-09-15,2018,4.889035857122331,10.0,4.410048180347348,5.0,1,BR,Procurement,Supply Chain,IC2,551
805,2018-09-15,2018,,,,,0,BR,Store Operations,Retail,IC1,167
807,2018-09-15,2018,,,,,0,AR,Visual Merchandising,Retail,IC1,365
808,2018-09-15,2018,2.948073179327391,5.0,3.1571324655980493,2.8509572157303333,1,BR,Planning,Supply Chain,IC2,773
809,2018-09-15,2018,3.826285016249885,5.0,4.6649811505521495,4.65160104721208,1,BR,Regional Operations,Retail,IC1,31
1,2019-09-15,2019,3.800189065527253,5.0,3.3315478132297276,3.6311253728490382,1,BR,Regional Operations,Retail,IC1,12
3,2019-09-15,2019,,,,,0,BR,Distribution Centers,Supply Chain,IC1,48
8,2019-09-15,2019,4.061044435933712,5.0,5.0,3.9695081094327964,1,BR,Procurement,Corporate,M3,692
9,2019-09-15,2019,3.001704537916801,5.0,3.692744841846739,4.304382789411083,1,BR,Planning,Supply Chain,IC3,335
10,2019-09-15,2019,3.091486113951196,5.0,3.5643400006355916,2.233612043833884,1,BR,Procurement,Supply Chain,M4,309
11,2019-09-15,2019,,,,,0,BR,Customer Operations,Customer,IC2,842
12,2019-09-15,2019,,,,,0,BR,Regional Operations,Retail,IC3,406
13,2019-09-15,2019,4.222072393530723,5.0,4.759272262513237,4.8189613229914015,1,BR,Regional Operations,Retail,IC1,174
14,2019-09-15,2019,3.944475149716861,5.0,3.8766369515231207,2.8970197165814184,1,BR,Marketing,Corporate,M3,309
16,2019-09-15,2019,,,,,0,BR,Customer Experience,Customer,IC1,90
17,2019-09-15,2019,,,,,0,BR,Sales,Retail,IC1,26
18,2019-09-15,2019,,,,,0,BR,Regional Operations,Retail,IC3,406
20,2019-09-15,2019,4.425648982605139,10.0,4.052169087828933,4.404644951926349,1,BR,Distribution Centers,Supply Chain,IC1,48
21,2019-09-15,2019,4.3438853498803445,10.0,4.8609225560802,5.0,1,BR,Sales,Retail,IC2,162
26,2019-09-15,2019,,,,,0,BR,Sales,Retail,IC2,162
27,2019-09-15,2019,3.883614608215793,5.0,4.271548044020961,3.531742403045021,1,BR,Regional Operations,Retail,IC4,406
28,2019-09-15,2019,,,,,0,BR,Finance,Corporate,IC2,906
29,2019-09-15,2019,3.929520490133524,5.0,3.4140545159792492,3.9870910495058878,1,BR,Procurement,Corporate,IC5,8
31,2019-09-15,2019,,,,,0,BR,Regional Operations,Retail,IC2,34
32,2019-09-15,2019,4.099136165089183,5.0,4.342308350715654,3.8953317646261922,1,BR,Visual Merchandising,Retail,IC2,294
34,2019-09-15,2019,3.744348661725792,5.0,2.528216382421838,4.371984601608672,1,BR,Regional Operations,Retail,M1,208
36,2019-09-15,2019,,,,,0,BR,Distribution Centers,Supply Chain,IC1,48
45,2019-09-15,2019,,,,,0,BR,Planning,Supply Chain,IC4,335
47,2019-09-15,2019,3.345837638246028,5.0,4.317428835858477,3.6176710444290285,1,BR,Procurement,Corporate,M1,8
48,2019-09-15,2019,3.999427725460426,5.0,4.045547567576575,3.3202591085077997,1,BR,Distribution Centers,Supply Chain,IC3,297
50,2019-09-15,2019,4.669269743876842,10.0,4.044413779170542,4.698350819065314,1,BR,Visual Merchandising,Retail,IC1,1109
55,2019-09-15,2019,3.3503919019320914,5.0,3.6938992029343587,4.379240688286638,1,BR,Strategy,Corporate,IC2,494
57,2019-09-15,2019,4.5011315864547665,10.0,4.266065360929907,3.8584156681135533,1,BR,People,Corporate,IC2,298
59,2019-09-15,2019,2.697619438747118,0.0,2.752291070881739,3.4621509187846904,1,BR,Strategy,Corporate,IC1,162
60,2019-09-15,2019,4.0079605743820705,5.0,3.851470241803866,4.545789803976186,1,BR,Marketing,Corporate,IC4,537
61,2019-09-15,2019,,,,,0,BR,Sales,Retail,IC2,162
62,2019-09-15,2019,,,,,0,BR,Procurement,Corporate,D1,
63,2019-09-15,2019,3.2736884245720925,5.0,2.6734459304101486,1.817926019416014,1,BR,Distribution Centers,Supply Chain,IC1,48
65,2019-09-15,2019,3.2858993046382743,5.0,2.404463935633888,4.38792018547956,1,BR,Sales,Retail,M2,14
66,2019-09-15,2019,3.461908104678572,5.0,3.068583708211263,3.8385385716573177,1,BR,Store Operations,Retail,IC2,691
69,2019-09-15,2019,4.166660071272132,5.0,4.430520535857113,4.830201033093457,1,BR,Logistics,Supply Chain,IC2,623
70,2019-09-15,2019,,,,,0,BR,Customer Operations,Customer,M2,872
72,2019-09-15,2019,3.142670440030491,5.0,4.517406489596098,2.3243911092822893,1,BR,Risk,Corporate,IC1,73
73,2019-09-15,2019,,,,,0,BR,Risk,Corporate,IC3,261
75,2019-09-15,2019,3.72945818580727,5.0,4.353432122525896,3.747524156114186,1,BR,Legal,Corporate,IC1,155
76,2019-09-15,2019,3.5000283788641386,5.0,3.5600815067917426,3.2127201610757035,1,BR,People,Corporate,IC1,200
77,2019-09-15,2019,3.8704669800914857,5.0,3.7891019728813626,4.328139508855422,1,BR,Store Operations,Retail,IC2,467
78,2019-09-15,2019,4.308867224563408,10.0,3.1101423744597225,3.4093757311601767,1,BR,Visual Merchandising,Retail,IC2,960
82,2019-09-15,2019,,,,,0,BR,Data & Analytics,Corporate,IC4,92
83,2019-09-15,2019,4.024548706502639,5.0,3.465214141231678,4.634010776483084,1,BR,Planning,Supply Chain,IC1,556
84,2019-09-15,2019,3.7819279394489422,5.0,2.4054869161528494,5.0,1,BR,Procurement,Supply Chain,IC1,780
85,2019-09-15,2019,3.621451538793474,5.0,4.157408680955192,2.711675544916552,1,BR,Sales,Retail,IC1,391
86,2019-09-15,2019,3.5495815551299903,5.0,3.635750804307856,3.9644032146714565,1,BR,Engineering,Digital,IC4,177
89,2019-09-15,2019,3.7126729025935377,5.0,3.39958346275518,2.767947850678038,1,BR,Store Operations,Retail,IC3,467
90,2019-09-15,2019,3.0236427530702676,5.0,1.92915656122997,3.2802207484631922,1,BR,Customer Experience,Customer,IC3,516
91,2019-09-15,2019,,,,,0,BR,Store Operations,Retail,IC1,308
92,2019-09-15,2019,3.9489948791693386,5.0,4.6096930417922986,3.159020793390589,1,BR,Data & Analytics,Corporate,M1,509
93,2019-09-15,2019,4.6111588244910875,10.0,5.0,4.4307137041314135,1,BR,Customer Service,Customer,IC2,242
94,2019-09-15,2019,5.0,10.0,3.884112106248735,4.90805159792248,1,BR,Store Operations,Retail,IC1,316
95,2019-09-15,2019,2.903206842543498,5.0,4.061832105533615,2.9266697463164295,1,BR,Regional Operations,Retail,IC1,251
96,2019-09-15,2019,3.313327081753477,5.0,2.8552234102053387,3.57163783248951,1,BR,Visual Merchandising,Retail,IC1,200
100,2019-09-15,2019,3.549547985380971,5.0,2.350432434918596,3.54594922077922,1,BR,Finance,Corporate,IC2,254
101,2019-09-15,2019,2.387024168175544,0.0,1.6767114116532909,2.6868666068301583,1,BR,Regional Operations,Retail,IC1,395
102,2019-09-15,2019,2.903443313177816,5.0,3.0780160881032783,2.5022616742723147,1,BR,Customer Experience,Customer,IC1,90
105,2019-09-15,2019,4.028556470037503,5.0,4.787606062395208,3.8879066005444995,1,BR,Finance,Corporate,IC1,28
109,2019-09-15,2019,3.2089458928642403,5.0,3.447863942992192,2.898116489693664,1,BR,Distribution Centers,Supply Chain,IC2,48
113,2019-09-15,2019,3.944123660238922,5.0,3.7324527547077646,2.628257500029001,1,BR,People,Corporate,IC2,183
116,2019-09-15,2019,,,,,0,BR,Customer Service,Customer,IC2,243
117,2019-09-15,2019,3.880139070592182,5.0,3.6483885631710917,4.552779486753077,1,BR,Risk,Corporate,IC2,261
118,2019-09-15,2019,2.1928312563846624,0.0,2.0712806508575654,1.9535658757662766,1,BR,Product,Digital,IC2,404
119,2019-09-15,2019,2.7369295590251723,0.0,2.0270696702015094,1.921367698493285,1,BR,Legal,Corporate,IC4,196
123,2019-09-15,2019,3.566359745330428,5.0,3.6819939327471123,2.9808225619505078,1,BR,Customer Service,Customer,IC1,242
126,2019-09-15,2019,,,,,0,BR,Visual Merchandising,Retail,IC1,270
128,2019-09-15,2019,2.52343980845509,0.0,2.792285911222762,2.2790965212388414,1,BR,Sales,Retail,IC2,162
133,2019-09-15,2019,,,,,0,BR,Customer Experience,Customer,IC1,90
137,2019-09-15,2019,,,,,0,BR,Procurement,Corporate,IC1,166
138,2019-09-15,2019,,,,,0,BR,Procurement,Corporate,IC3,45
139,2019-09-15,2019,2.865615362509684,5.0,2.967394557536887,2.9192660199745917,1,BR,Regional Operations,Retail,IC2,27
148,2019-09-15,2019,4.143934331141274,5.0,4.42421613791801,4.17862760553026,1,BR,Planning,Supply Chain,IC2,912
149,2019-09-15,2019,3.351008347828945,5.0,3.4739102962593686,4.372399157345371,1,BR,Distribution Centers,Supply Chain,IC1,48
150,2019-09-15,2019,,,,,0,BR,Customer Service,Customer,IC1,461
153,2019-09-15,2019,4.81843981471488,10.0,4.261327223935993,4.9407514591519055,1,BR,Data,Digital,M1,70
155,2019-09-15,2019,4.956984087614067,10.0,5.0,5.0,1,BR,Legal,Corporate,IC2,119
156,2019-09-15,2019,4.861977355284836,10.0,4.855657959578372,4.990591015463732,1,BR,People,Corporate,IC2,278
158,2019-09-15,2019,3.3487530808025894,5.0,3.5658293096001286,2.6022783157906426,1,BR,Procurement,Supply Chain,IC1,302
160,2019-09-15,2019,,,,,0,BR,Sales,Retail,IC2,162
162,2019-09-15,2019,,,,,0,BR,Sales,Retail,IC5,721
165,2019-09-15,2019,4.06674379758635,5.0,4.06517961943787,4.001890483248895,1,BR,Customer Operations,Customer,IC2,252
166,2019-09-15,2019,4.147728567651024,5.0,4.6381413346712765,4.441382367473984,1,BR,Distribution Centers,Supply Chain,IC3,741
172,2019-09-15,2019,,,,,0,BR,Digital Marketing,Digital,IC3,909
174,2019-09-15,2019,3.5333407717113934,5.0,2.4801548044975785,4.6921431683969335,1,BR,Regional Operations,Retail,IC2,34
175,2019-09-15,2019,4.451960602763496,10.0,4.374127484684741,3.125528654155133,1,BR,Procurement,Corporate,IC2,286
177,2019-09-15,2019,2.5226091140225027,0.0,2.8907629647745683,2.5561577949734007,1,BR,UX,Digital,IC5,528
179,2019-09-15,2019,,,,,0,BR,Planning,Supply Chain,IC1,9
181,2019-09-15,2019,,,,,0,BR,Visual Merchandising,Retail,M2,700
182,2019-09-15,2019,4.501362619945304,10.0,5.0,3.9560775339099132,1,BR,Store Operations,Retail,IC1,77
183,2019-09-15,2019,2.670651121255247,0.0,2.1488379267292803,2.032155735587417,1,BR,People,Corporate,IC4,327
189,2019-09-15,2019,,,,,0,BR,Visual Merchandising,Retail,IC2,960
191,2019-09-15,2019,,,,,0,BR,Sales,Retail,IC1,326
193,2019-09-15,2019,3.0562467042105697,5.0,4.010975086776401,2.883006824297391,1,BR,Strategy,Corporate,M1,261
194,2019-09-15,2019,3.9854803891557307,5.0,4.233228732582843,3.906343226435454,1,BR,UX,Digital,M1,281
195,2019-09-15,2019,,,,,0,BR,Procurement,Corporate,IC2,953
196,2019-09-15,2019,3.2055355430180965,5.0,3.2766619298723385,2.8021363825414016,1,BR,Customer Operations,Customer,M3,933
200,2019-09-15,2019,,,,,0,BR,Visual Merchandising,Retail,IC2,273
203,2019-09-15,2019,4.491604799941514,10.0,4.331159631227161,4.589835727295356,1,BR,Visual Merchandising,Retail,IC1,32
205,2019-09-15,2019,3.349487750948843,5.0,3.6014954115819813,5.0,1,BR,Visual Merchandising,Retail,IC4,493
206,2019-09-15,2019,5.0,10.0,5.0,5.0,1,BR,Logistics,Supply Chain,IC1,277
207,2019-09-15,2019,,,,,0,BR,Visual Merchandising,Retail,IC1,436
208,2019-09-15,2019,,,,,0,BR,Regional Operations,Retail,M2,212
210,2019-09-15,2019,3.4797375003304385,5.0,3.883987437698844,3.5484664186458756,1,BR,Engineering,Digital,M3,873
212,2019-09-15,2019,4.106883558866634,5.0,4.551593121600823,3.1551584413994114,1,BR,Strategy,Corporate,M5,62
214,2019-09-15,2019,4.213577226763044,5.0,4.433317832511398,4.385504420965601,1,BR,Engineering,Digital,IC1,657
215,2019-09-15,2019,,,,,0,BR,Procurement,Corporate,IC2,138
217,2019-09-15,2019,,,,,0,BR,Visual Merchandising,Retail,IC1,223
218,2019-09-15,2019,,,,,0,BR,E-commerce,Digital,IC5,873
