requisition_id,candidate_id,employee_id,application_date,screening_date,interview_date,offer_date,hire_date,offer_accepted_flag,candidate_source,internal_external
REQ0000001,CAND00000001,381,2015-12-07,2015-12-18,2015-12-25,2015-12-30,2016-01-03,true,LinkedIn,External
REQ0000001,CAND00000002,,2015-12-02,,,,,false,Internal Mobility,Internal
REQ0000001,CAND00000003,,2015-12-03,,,,,false,Job Board,External
REQ0000001,CAND00000004,,2015-12-07,,,,,false,Agency,External
REQ0000001,CAND00000005,,2015-12-22,,,,,false,LinkedIn,External
REQ0000002,CAND00000006,382,2015-12-27,2015-12-29,2016-01-01,2016-01-03,2016-01-11,true,Career Site,External
REQ0000002,CAND00000007,,2015-12-20,2015-12-28,,,,false,LinkedIn,External
REQ0000002,CAND00000008,,2015-12-12,,,,,false,LinkedIn,External
REQ0000002,CAND00000009,,2015-12-13,,,,,false,Job Board,External
REQ0000002,CAND00000010,,2015-12-30,2016-01-04,,,,false,LinkedIn,External
REQ0000002,CAND00000011,,2015-12-16,,,,,false,Job Board,External
REQ0000002,CAND00000012,,2015-12-23,2015-12-29,2016-01-08,2016-01-11,,false,Job Board,External
REQ0000002,CAND00000013,,2015-12-21,2015-12-23,,,,false,Referral,External
REQ0000002,CAND00000014,,2015-12-10,,,,,false,Referral,External
REQ0000002,CAND00000015,,2015-12-18,2015-12-24,,,,false,Job Board,External
REQ0000002,CAND00000016,,2016-01-06,,,,,false,Job Board,External
REQ0000002,CAND00000017,,2015-12-30,,,,,false,Career Site,External
REQ0000002,CAND00000018,,2015-12-15,2015-12-25,,,,false,Referral,External
REQ0000002,CAND00000019,,2016-01-06,,,,,false,LinkedIn,External
REQ0000002,CAND00000020,,2015-12-30,,,,,false,LinkedIn,External
REQ0000002,CAND00000021,,2015-12-19,,,,,false,Referral,External
REQ0000002,CAND00000022,,2016-01-15,,,,,false,Referral,External
REQ0000002,CAND00000023,,2015-12-17,2015-12-29,2016-01-06,,,false,Referral,External
REQ0000003,CAND00000024,383,2015-12-05,2015-12-11,2015-12-15,2015-12-24,2016-01-12,true,Walk-in,External
REQ0000003,CAND00000025,,2015-12-03,,,,,false,Career Site,External
REQ0000003,CAND00000026,,2015-12-08,,,,,false,Internal Mobility,Internal
REQ0000003,CAND00000027,,2015-11-28,2015-11-30,,,,false,Job Board,External
REQ0000003,CAND00000028,,2015-12-09,,,,,false,Career Site,External
REQ0000003,CAND00000029,,2015-11-22,,,,,false,Referral,External
REQ0000003,CAND00000030,,2015-12-15,,,,,false,Walk-in,External
REQ0000003,CAND00000031,,2015-12-13,2015-12-14,,,,false,Job Board,External
REQ0000003,CAND00000032,,2015-11-25,2015-12-01,,,,false,Agency,External
REQ0000003,CAND00000033,,2015-11-18,,,,,false,Job Board,External
REQ0000004,CAND00000034,384,2015-11-08,2015-11-24,2015-12-09,2015-12-21,2016-01-08,true,Job Board,External
REQ0000004,CAND00000035,,2015-11-02,,,,,false,Job Board,External
REQ0000004,CAND00000036,,2015-11-21,,,,,false,Career Site,External
REQ0000004,CAND00000037,,2015-11-02,,,,,false,Job Board,External
REQ0000004,CAND00000038,,2015-11-20,,,,,false,Referral,External
REQ0000004,CAND00000039,,2015-10-22,2015-11-06,2015-11-22,,,false,Agency,External
REQ0000004,CAND00000040,,2015-11-17,,,,,false,Job Board,External
REQ0000004,CAND00000041,,2015-10-23,,,,,false,Agency,External
REQ0000004,CAND00000042,,2015-11-06,,,,,false,Job Board,External
REQ0000004,CAND00000043,,2015-11-16,2015-12-05,,,,false,Agency,External
REQ0000004,CAND00000044,,2015-11-19,,,,,false,Job Board,External
REQ0000004,CAND00000045,,2015-11-19,,,,,false,Walk-in,External
REQ0000004,CAND00000046,,2015-10-28,,,,,false,Job Board,External
REQ0000004,CAND00000047,,2015-11-05,,,,,false,Referral,External
REQ0000004,CAND00000048,,2015-10-21,2015-10-30,,,,false,Walk-in,External
REQ0000004,CAND00000049,,2015-11-25,,,,,false,Agency,External
REQ0000005,CAND00000050,385,2015-11-18,2015-12-06,2015-12-21,2015-12-28,2016-01-04,true,Job Board,External
REQ0000006,CAND00000051,386,2015-11-16,2015-11-22,2015-11-28,2015-12-08,2016-01-02,true,Career Site,External
REQ0000006,CAND00000052,,2015-11-08,2015-11-18,,,,false,LinkedIn,External
REQ0000006,CAND00000053,,2015-11-29,,,,,false,Job Board,External
REQ0000006,CAND00000054,,2015-11-13,,,,,false,Job Board,External
REQ0000006,CAND00000055,,2015-11-20,,,,,false,Job Board,External
REQ0000006,CAND00000056,,2015-11-11,,,,,false,Job Board,External
REQ0000006,CAND00000057,,2015-12-01,,,,,false,Agency,External
REQ0000006,CAND00000058,,2015-11-15,2015-11-17,2015-11-24,,,false,LinkedIn,External
REQ0000006,CAND00000059,,2015-11-15,2015-11-26,2015-11-28,,,false,Job Board,External
REQ0000006,CAND00000060,,2015-10-28,,,,,false,Walk-in,External
REQ0000006,CAND00000061,,2015-11-23,2015-11-27,,,,false,LinkedIn,External
REQ0000006,CAND00000062,,2015-12-03,,,,,false,Referral,External
REQ0000006,CAND00000063,,2015-10-31,,,,,false,Career Site,External
REQ0000006,CAND00000064,,2015-11-11,,,,,false,LinkedIn,External
REQ0000006,CAND00000065,,2015-11-05,,,,,false,LinkedIn,External
REQ0000006,CAND00000066,,2015-12-05,,,,,false,Walk-in,External
REQ0000006,CAND00000067,,2015-11-27,,,,,false,Internal Mobility,Internal
REQ0000007,CAND00000068,387,2015-12-03,2015-12-06,2015-12-17,2015-12-23,2016-01-01,true,Internal Mobility,Internal
REQ0000007,CAND00000069,,2015-11-15,2015-11-25,,,,false,Job Board,External
REQ0000007,CAND00000070,,2015-11-27,,,,,false,Referral,External
REQ0000007,CAND00000071,,2015-12-01,,,,,false,Internal Mobility,Internal
REQ0000007,CAND00000072,,2015-12-21,2015-12-31,,,,false,Internal Mobility,Internal
REQ0000007,CAND00000073,,2015-11-17,2015-11-29,2015-12-01,,,false,Agency,External
REQ0000007,CAND00000074,,2015-11-16,,,,,false,Agency,External
REQ0000007,CAND00000075,,2015-12-16,,,,,false,Internal Mobility,Internal
REQ0000007,CAND00000076,,2015-12-12,,,,,false,Job Board,External
REQ0000007,CAND00000077,,2015-12-06,,,,,false,Job Board,External
REQ0000007,CAND00000078,,2015-12-18,,,,,false,LinkedIn,External
REQ0000007,CAND00000079,,2015-12-23,,,,,false,Referral,External
REQ0000007,CAND00000080,,2015-11-13,,,,,false,Agency,External
REQ0000007,CAND00000081,,2015-12-20,,,,,false,LinkedIn,External
REQ0000007,CAND00000082,,2015-11-22,,,,,false,Referral,External
REQ0000007,CAND00000083,,2015-12-03,,,,,false,Career Site,External
REQ0000007,CAND00000084,,2015-12-15,,,,,false,Referral,External
REQ0000008,CAND00000085,388,2015-12-06,2015-12-20,2015-12-31,2016-01-03,2016-01-14,true,Job Board,External
REQ0000008,CAND00000086,,2015-12-21,2015-12-31,,,,false,Agency,External
REQ0000008,CAND00000087,,2015-12-10,,,,,false,Job Board,External
REQ0000008,CAND00000088,,2015-12-12,2015-12-16,,,,false,Referral,External
REQ0000008,CAND00000089,,2015-11-22,,,,,false,Job Board,External
REQ0000008,CAND00000090,,2015-12-05,,,,,false,Job Board,External
REQ0000008,CAND00000091,,2015-11-26,2015-11-27,,,,false,LinkedIn,External
REQ0000008,CAND00000092,,2015-12-17,2015-12-28,,,,false,Referral,External
REQ0000008,CAND00000093,,2015-11-17,,,,,false,Referral,External
REQ0000008,CAND00000094,,2015-11-23,,,,,false,Agency,External
REQ0000008,CAND00000095,,2015-12-14,2015-12-24,,,,false,Agency,External
REQ0000008,CAND00000096,,2015-12-26,2016-01-02,2016-01-06,,,false,LinkedIn,External
REQ0000008,CAND00000097,,2015-12-26,,,,,false,Agency,External
REQ0000008,CAND00000098,,2015-11-22,,,,,false,LinkedIn,External
REQ0000008,CAND00000099,,2015-11-16,2015-11-21,2015-11-28,,,false,Job Board,External
REQ0000008,CAND00000100,,2015-11-26,2015-11-29,2015-12-02,,,false,Walk-in,External
REQ0000008,CAND00000101,,2015-11-24,,,,,false,Job Board,External
REQ0000008,CAND00000102,,2015-11-28,,,,,false,Job Board,External
REQ0000009,CAND00000103,389,2015-11-25,2015-11-28,2015-12-15,2015-12-26,2016-01-04,true,Job Board,External
REQ0000009,CAND00000104,,2015-12-12,,,,,false,Referral,External
REQ0000009,CAND00000105,,2015-11-05,2015-11-07,,,,false,Job Board,External
REQ0000009,CAND00000106,,2015-11-22,,,,,false,Agency,External
REQ0000009,CAND00000107,,2015-12-11,2015-12-26,,,,false,Job Board,External
REQ0000009,CAND00000108,,2015-11-17,,,,,false,Career Site,External
REQ0000009,CAND00000109,,2015-12-11,,,,,false,Job Board,External
REQ0000009,CAND00000110,,2015-12-15,2015-12-31,2016-01-19,,,false,Job Board,External
REQ0000010,CAND00000111,390,2015-12-06,2015-12-17,2015-12-20,2015-12-24,2016-01-06,true,Job Board,External
REQ0000010,CAND00000112,,2015-12-10,2015-12-20,2015-12-28,2016-01-03,,false,Job Board,External
REQ0000010,CAND00000113,,2015-11-19,2015-11-24,2015-12-01,,,false,Agency,External
REQ0000010,CAND00000114,,2015-11-21,,,,,false,Agency,External
REQ0000010,CAND00000115,,2015-12-07,2015-12-17,2015-12-21,,,false,Job Board,External
REQ0000010,CAND00000116,,2015-11-29,,,,,false,Job Board,External
REQ0000010,CAND00000117,,2015-12-07,,,,,false,Internal Mobility,Internal
REQ0000010,CAND00000118,,2015-12-21,,,,,false,Agency,External
REQ0000010,CAND00000119,,2015-12-21,,,,,false,LinkedIn,External
REQ0000010,CAND00000120,,2015-12-19,2015-12-25,2015-12-27,,,false,Internal Mobility,Internal
REQ0000010,CAND00000121,,2015-12-20,2016-01-01,2016-01-07,,,false,Internal Mobility,Internal
REQ0000010,CAND00000122,,2015-11-29,,,,,false,Internal Mobility,Internal
REQ0000011,CAND00000123,,2016-01-10,,,,,false,Internal Mobility,Internal
REQ0000011,CAND00000124,,2016-01-10,,,,,false,Referral,External
REQ0000011,CAND00000125,,2015-12-27,2015-12-31,2016-01-05,,,false,Job Board,External
REQ0000011,CAND00000126,,2016-01-02,2016-01-03,,,,false,Referral,External
REQ0000011,CAND00000127,,2016-01-02,,,,,false,Referral,External
REQ0000011,CAND00000128,,2015-12-11,,,,,false,Job Board,External
REQ0000012,CAND00000129,391,2015-12-17,2015-12-30,2016-01-17,2016-01-19,2016-02-13,true,Walk-in,External
REQ0000012,CAND00000130,,2015-12-07,,,,,false,LinkedIn,External
REQ0000012,CAND00000131,,2015-12-02,,,,,false,Career Site,External
REQ0000012,CAND00000132,,2015-12-28,2016-01-04,,,,false,LinkedIn,External
REQ0000012,CAND00000133,,2015-12-21,,,,,false,Agency,External
REQ0000012,CAND00000134,,2016-01-02,,,,,false,Job Board,External
REQ0000012,CAND00000135,,2015-12-06,2015-12-21,2016-01-09,2016-01-18,,false,Career Site,External
REQ0000012,CAND00000136,,2016-01-06,2016-01-15,,,,false,Walk-in,External
REQ0000012,CAND00000137,,2015-11-28,2015-12-06,2015-12-17,,,false,Agency,External
REQ0000012,CAND00000138,,2015-11-29,,,,,false,Job Board,External
REQ0000012,CAND00000139,,2015-12-01,2015-12-08,,,,false,Career Site,External
REQ0000012,CAND00000140,,2015-12-18,,,,,false,Job Board,External
REQ0000012,CAND00000141,,2015-12-02,2015-12-15,2015-12-24,,,false,Job Board,External
REQ0000012,CAND00000142,,2015-12-14,,,,,false,Career Site,External
REQ0000012,CAND00000143,,2015-12-04,,,,,false,Job Board,External
REQ0000013,CAND00000144,392,2016-01-06,2016-01-18,2016-01-23,2016-01-24,2016-02-05,true,Agency,External
REQ0000013,CAND00000145,,2016-01-10,,,,,false,Career Site,External
REQ0000013,CAND00000146,,2016-01-17,2016-01-21,2016-01-29,,,false,Career Site,External
REQ0000013,CAND00000147,,2016-01-19,,,,,false,Internal Mobility,Internal
REQ0000013,CAND00000148,,2015-12-28,2016-01-01,,,,false,Career Site,External
REQ0000013,CAND00000149,,2016-01-03,,,,,false,Career Site,External
REQ0000013,CAND00000150,,2016-01-24,2016-01-31,2016-02-08,2016-02-14,,false,LinkedIn,External
REQ0000013,CAND00000151,,2015-12-24,2016-01-01,,,,false,LinkedIn,External
REQ0000014,CAND00000152,393,2015-12-31,2016-01-10,2016-01-17,2016-01-20,2016-02-04,true,Career Site,External
REQ0000014,CAND00000153,,2016-01-05,2016-01-19,2016-01-23,,,false,Job Board,External
REQ0000014,CAND00000154,,2015-12-14,,,,,false,Career Site,External
REQ0000014,CAND00000155,,2015-12-26,2015-12-28,,,,false,Referral,External
REQ0000014,CAND00000156,,2016-01-01,2016-01-08,2016-01-14,,,false,Referral,External
REQ0000014,CAND00000157,,2016-01-05,,,,,false,Referral,External
REQ0000014,CAND00000158,,2015-12-26,,,,,false,Internal Mobility,Internal
REQ0000014,CAND00000159,,2016-01-13,2016-01-22,,,,false,Referral,External
REQ0000014,CAND00000160,,2015-12-16,,,,,false,Job Board,External
REQ0000014,CAND00000161,,2016-01-04,,,,,false,Agency,External
REQ0000015,CAND00000162,394,2015-12-25,2016-01-02,2016-01-09,2016-01-17,2016-02-05,true,Career Site,External
REQ0000015,CAND00000163,,2016-01-07,,,,,false,Job Board,External
REQ0000015,CAND00000164,,2015-12-16,,,,,false,Job Board,External
REQ0000015,CAND00000165,,2016-01-01,,,,,false,Referral,External
REQ0000015,CAND00000166,,2015-12-28,2016-01-10,2016-01-18,,,false,Job Board,External
REQ0000015,CAND00000167,,2015-12-31,,,,,false,Referral,External
REQ0000015,CAND00000168,,2015-12-29,2016-01-12,,,,false,Walk-in,External
REQ0000015,CAND00000169,,2015-12-28,,,,,false,Job Board,External
REQ0000015,CAND00000170,,2016-01-11,2016-01-23,2016-02-02,,,false,Job Board,External
REQ0000015,CAND00000171,,2015-12-22,2015-12-25,2016-01-04,,,false,Walk-in,External
REQ0000015,CAND00000172,,2016-01-04,2016-01-07,,,,false,LinkedIn,External
REQ0000015,CAND00000173,,2015-12-11,2015-12-20,,,,false,Referral,External
REQ0000015,CAND00000174,,2016-01-02,,,,,false,LinkedIn,External
REQ0000015,CAND00000175,,2015-12-06,,,,,false,Job Board,External
REQ0000015,CAND00000176,,2015-12-30,,,,,false,Career Site,External
REQ0000016,CAND00000177,395,2015-12-03,2015-12-27,2016-01-09,2016-01-10,2016-02-07,true,Referral,External
REQ0000016,CAND00000178,,2015-11-14,2015-11-19,2015-12-04,,,false,Agency,External
REQ0000016,CAND00000179,,2015-12-16,,,,,false,Career Site,External
REQ0000016,CAND00000180,,2015-11-18,,,,,false,Referral,External
REQ0000016,CAND00000181,,2015-12-12,2015-12-15,2015-12-24,2016-01-05,,false,LinkedIn,External
REQ0000016,CAND00000182,,2015-11-17,,,,,false,Job Board,External
REQ0000016,CAND00000183,,2015-11-13,2015-11-20,2015-11-22,,,false,Agency,External
REQ0000016,CAND00000184,,2015-11-22,,,,,false,LinkedIn,External
REQ0000016,CAND00000185,,2015-11-24,,,,,false,Job Board,External
REQ0000016,CAND00000186,,2015-12-16,2016-01-06,2016-01-16,,,false,Agency,External
REQ0000016,CAND00000187,,2015-11-15,,,,,false,Job Board,External
REQ0000016,CAND00000188,,2015-12-18,,,,,false,Walk-in,External
REQ0000016,CAND00000189,,2015-12-08,,,,,false,Career Site,External
REQ0000016,CAND00000190,,2015-12-03,,,,,false,LinkedIn,External
REQ0000016,CAND00000191,,2015-11-16,,,,,false,Referral,External
REQ0000016,CAND00000192,,2015-12-16,,,,,false,Career Site,External
REQ0000016,CAND00000193,,2015-12-01,2015-12-13,2015-12-18,,,false,Career Site,External
REQ0000016,CAND00000194,,2015-12-08,,,,,false,Career Site,External
REQ0000016,CAND00000195,,2015-12-14,,,,,false,LinkedIn,External
REQ0000017,CAND00000196,396,2015-11-15,2015-11-26,2015-12-16,2015-12-28,2016-02-06,true,Job Board,External
REQ0000017,CAND00000197,,2015-11-06,,,,,false,Job Board,External
REQ0000017,CAND00000198,,2015-10-29,,,,,false,Job Board,External
REQ0000017,CAND00000199,,2015-11-08,,,,,false,Job Board,External
REQ0000017,CAND00000200,,2015-11-24,2015-12-09,2015-12-27,,,false,Job Board,External
REQ0000017,CAND00000201,,2015-10-26,,,,,false,Career Site,External
REQ0000017,CAND00000202,,2015-11-22,,,,,false,LinkedIn,External
REQ0000017,CAND00000203,,2015-12-04,2015-12-21,2016-01-08,2016-01-22,,false,Referral,External
REQ0000017,CAND00000204,,2015-11-29,2015-12-15,,,,false,Internal Mobility,Internal
REQ0000017,CAND00000205,,2015-11-09,2015-11-12,2015-12-01,2015-12-15,,false,LinkedIn,External
REQ0000017,CAND00000206,,2015-11-02,,,,,false,Job Board,External
REQ0000017,CAND00000207,,2015-10-27,,,,,false,Career Site,External
REQ0000017,CAND00000208,,2015-11-03,,,,,false,Job Board,External
REQ0000017,CAND00000209,,2015-11-12,,,,,false,Career Site,External
REQ0000017,CAND00000210,,2015-12-02,2015-12-22,2016-01-08,,,false,Career Site,External
REQ0000017,CAND00000211,,2015-11-26,,,,,false,Job Board,External
REQ0000017,CAND00000212,,2015-11-25,,,,,false,Job Board,External
REQ0000017,CAND00000213,,2015-11-23,,,,,false,Referral,External
REQ0000017,CAND00000214,,2015-11-29,,,,,false,Job Board,External
REQ0000017,CAND00000215,,2015-11-21,2015-12-01,2015-12-09,,,false,Agency,External
REQ0000017,CAND00000216,,2015-12-03,,,,,false,LinkedIn,External
REQ0000018,CAND00000217,397,2016-01-10,2016-01-19,2016-01-21,2016-01-31,2016-02-07,true,Job Board,External
REQ0000018,CAND00000218,,2015-12-30,,,,,false,Career Site,External
REQ0000018,CAND00000219,,2016-01-17,,,,,false,Job Board,External
REQ0000018,CAND00000220,,2016-01-08,2016-01-11,2016-01-17,,,false,Job Board,External
REQ0000018,CAND00000221,,2015-12-28,,,,,false,LinkedIn,External
REQ0000018,CAND00000222,,2016-01-24,,,,,false,Job Board,External
REQ0000018,CAND00000223,,2016-01-18,,,,,false,Job Board,External
REQ0000018,CAND00000224,,2016-01-03,,,,,false,Job Board,External
REQ0000018,CAND00000225,,2016-01-01,2016-01-06,2016-01-13,,,false,Internal Mobility,Internal
REQ0000018,CAND00000226,,2015-12-21,,,,,false,Job Board,External
REQ0000018,CAND00000227,,2015-12-28,,,,,false,Referral,External
REQ0000019,CAND00000228,398,2015-12-04,2015-12-18,2015-12-20,2015-12-27,2016-02-04,true,Internal Mobility,Internal
REQ0000019,CAND00000229,,2015-12-19,,,,,false,Career Site,External
REQ0000019,CAND00000230,,2015-12-20,2016-01-11,,,,false,Job Board,External
REQ0000020,CAND00000231,399,2015-12-27,2016-01-08,2016-01-13,2016-01-20,2016-02-14,true,Career Site,External
REQ0000020,CAND00000232,,2016-01-06,,,,,false,Job Board,External
REQ0000020,CAND00000233,,2016-01-02,,,,,false,Walk-in,External
REQ0000020,CAND00000234,,2016-01-01,,,,,false,Job Board,External
REQ0000020,CAND00000235,,2015-12-22,,,,,false,Referral,External
REQ0000020,CAND00000236,,2015-12-14,2015-12-15,,,,false,LinkedIn,External
REQ0000020,CAND00000237,,2016-01-09,2016-02-01,,,,false,Job Board,External
REQ0000020,CAND00000238,,2016-01-02,,,,,false,LinkedIn,External
REQ0000020,CAND00000239,,2015-12-31,2016-01-18,2016-02-03,2016-02-10,,false,Referral,External
REQ0000020,CAND00000240,,2015-12-19,,,,,false,LinkedIn,External
REQ0000020,CAND00000241,,2016-01-11,,,,,false,Referral,External
REQ0000020,CAND00000242,,2015-12-17,2016-01-09,2016-01-15,2016-01-29,,false,Agency,External
REQ0000020,CAND00000243,,2016-01-04,,,,,false,Job Board,External
REQ0000021,CAND00000244,400,2016-01-18,2016-01-27,2016-02-02,2016-02-07,2016-02-14,true,Referral,External
REQ0000021,CAND00000245,,2016-01-05,2016-01-10,2016-01-20,,,false,Agency,External
REQ0000021,CAND00000246,,2016-01-23,,,,,false,Career Site,External
REQ0000022,CAND00000247,,2016-01-10,,,,,false,Walk-in,External
REQ0000022,CAND00000248,,2015-12-15,2016-01-08,,,,false,LinkedIn,External
REQ0000022,CAND00000249,,2016-01-09,2016-01-13,,,,false,Internal Mobility,Internal
REQ0000022,CAND00000250,,2016-01-22,,,,,false,Job Board,External
REQ0000022,CAND00000251,,2016-01-18,,,,,false,Job Board,External
REQ0000022,CAND00000252,,2015-12-29,,,,,false,Job Board,External
REQ0000022,CAND00000253,,2015-12-19,,,,,false,LinkedIn,External
REQ0000023,CAND00000254,401,2016-01-13,2016-01-14,2016-02-03,2016-02-04,2016-03-07,true,Referral,External
REQ0000024,CAND00000255,402,2016-01-27,2016-02-06,2016-02-07,2016-02-10,2016-03-05,true,Agency,External
REQ0000024,CAND00000256,,2016-02-01,2016-02-11,,,,false,Referral,External
REQ0000024,CAND00000257,,2016-02-12,,,,,false,Referral,External
REQ0000024,CAND00000258,,2016-01-29,,,,,false,Job Board,External
REQ0000024,CAND00000259,,2016-02-14,,,,,false,Referral,External
REQ0000024,CAND00000260,,2016-02-03,,,,,false,LinkedIn,External
REQ0000024,CAND00000261,,2016-01-10,,,,,false,Referral,External
REQ0000024,CAND00000262,,2016-02-02,2016-02-03,2016-02-07,,,false,LinkedIn,External
REQ0000024,CAND00000263,,2016-02-03,,,,,false,Agency,External
REQ0000024,CAND00000264,,2016-01-23,,,,,false,Referral,External
REQ0000025,CAND00000265,403,2016-01-23,2016-02-01,2016-02-08,2016-02-26,2016-03-11,true,Referral,External
REQ0000025,CAND00000266,,2016-01-15,,,,,false,Referral,External
REQ0000025,CAND00000267,,2016-01-10,,,,,false,Job Board,External
REQ0000025,CAND00000268,,2016-01-18,,,,,false,Job Board,External
REQ0000025,CAND00000269,,2016-02-11,,,,,false,Career Site,External
REQ0000025,CAND00000270,,2016-02-05,,,,,false,Agency,External
REQ0000025,CAND00000271,,2016-02-10,2016-02-13,2016-02-15,,,false,Job Board,External
REQ0000025,CAND00000272,,2016-01-20,,,,,false,LinkedIn,External
REQ0000025,CAND00000273,,2016-02-10,2016-02-13,2016-02-24,,,false,Job Board,External
REQ0000025,CAND00000274,,2016-02-01,,,,,false,Referral,External
REQ0000025,CAND00000275,,2016-01-13,,,,,false,Walk-in,External
REQ0000025,CAND00000276,,2016-02-06,,,,,false,Referral,External
REQ0000025,CAND00000277,,2016-02-01,2016-02-09,,,,false,Career Site,External
REQ0000026,CAND00000278,404,2015-12-16,2015-12-20,2016-01-04,2016-01-22,2016-03-02,true,Job Board,External
REQ0000026,CAND00000279,,2016-01-02,,,,,false,Job Board,External
REQ0000026,CAND00000280,,2015-11-27,2015-12-13,2015-12-16,,,false,Internal Mobility,Internal
REQ0000027,CAND00000281,405,2016-02-01,2016-02-13,2016-02-24,2016-03-04,2016-03-09,true,Job Board,External
REQ0000027,CAND00000282,,2016-01-30,,,,,false,LinkedIn,External
REQ0000027,CAND00000283,,2016-01-17,,,,,false,Agency,External
REQ0000027,CAND00000284,,2016-02-03,,,,,false,Job Board,External
REQ0000027,CAND00000285,,2016-02-17,2016-02-21,,,,false,Career Site,External
REQ0000027,CAND00000286,,2016-02-03,,,,,false,Career Site,External
REQ0000027,CAND00000287,,2016-02-16,2016-02-20,2016-03-02,,,false,Agency,External
REQ0000027,CAND00000288,,2016-01-26,,,,,false,Internal Mobility,Internal
REQ0000027,CAND00000289,,2016-02-19,,,,,false,Job Board,External
REQ0000027,CAND00000290,,2016-01-21,,,,,false,Job Board,External
REQ0000027,CAND00000291,,2016-02-20,,,,,false,Referral,External
REQ0000027,CAND00000292,,2016-01-29,,,,,false,Job Board,External
REQ0000027,CAND00000293,,2016-01-28,2016-02-03,2016-02-07,,,false,Job Board,External
REQ0000028,CAND00000294,406,2016-01-27,2016-02-04,2016-02-09,2016-02-25,2016-03-01,true,LinkedIn,External
REQ0000028,CAND00000295,,2016-01-12,,,,,false,Referral,External
REQ0000028,CAND00000296,,2016-01-20,,,,,false,Career Site,External
REQ0000028,CAND00000297,,2016-01-15,,,,,false,Referral,External
REQ0000028,CAND00000298,,2016-01-23,,,,,false,Career Site,External
REQ0000028,CAND00000299,,2016-01-26,,,,,false,LinkedIn,External
REQ0000028,CAND00000300,,2016-02-11,2016-02-19,,,,false,Job Board,External
REQ0000028,CAND00000301,,2016-01-27,,,,,false,Job Board,External
REQ0000028,CAND00000302,,2016-01-07,,,,,false,Job Board,External
REQ0000028,CAND00000303,,2016-02-13,2016-03-14,2016-03-18,,,false,LinkedIn,External
REQ0000028,CAND00000304,,2016-01-30,,,,,false,Internal Mobility,Internal
REQ0000028,CAND00000305,,2016-02-10,,,,,false,Career Site,External
REQ0000028,CAND00000306,,2016-02-15,2016-03-18,,,,false,LinkedIn,External
REQ0000028,CAND00000307,,2016-01-14,2016-02-07,2016-02-16,,,false,Job Board,External
REQ0000029,CAND00000308,407,2016-02-26,2016-03-01,2016-03-04,2016-03-08,2016-03-10,true,Internal Mobility,Internal
REQ0000030,CAND00000309,408,2016-01-17,2016-02-03,2016-02-15,2016-02-18,2016-03-05,true,Job Board,External
REQ0000030,CAND00000310,,2016-01-07,2016-01-11,2016-01-25,2016-01-29,,false,Career Site,External
REQ0000030,CAND00000311,,2016-01-12,2016-02-05,,,,false,Job Board,External
REQ0000030,CAND00000312,,2016-02-02,2016-02-22,2016-03-05,2016-03-20,,false,Referral,External
REQ0000030,CAND00000313,,2016-02-06,,,,,false,Referral,External
REQ0000030,CAND00000314,,2015-12-29,,,,,false,Career Site,External
REQ0000030,CAND00000315,,2016-01-30,,,,,false,Career Site,External
REQ0000030,CAND00000316,,2016-01-10,,,,,false,LinkedIn,External
REQ0000030,CAND00000317,,2016-02-04,,,,,false,Referral,External
REQ0000030,CAND00000318,,2016-02-06,,,,,false,Job Board,External
REQ0000030,CAND00000319,,2016-02-04,2016-02-09,2016-02-19,,,false,Referral,External
REQ0000030,CAND00000320,,2016-01-04,,,,,false,Referral,External
REQ0000030,CAND00000321,,2016-01-04,2016-01-28,,,,false,Job Board,External
REQ0000030,CAND00000322,,2016-01-29,2016-02-04,,,,false,Career Site,External
REQ0000030,CAND00000323,,2015-12-28,,,,,false,Job Board,External
REQ0000030,CAND00000324,,2016-02-03,2016-02-23,,,,false,Internal Mobility,Internal
REQ0000031,CAND00000325,409,2016-02-14,2016-02-17,2016-02-23,2016-03-01,2016-03-11,true,Job Board,External
REQ0000031,CAND00000326,,2016-02-05,,,,,false,Walk-in,External
REQ0000031,CAND00000327,,2016-02-26,,,,,false,LinkedIn,External
REQ0000031,CAND00000328,,2016-02-09,,,,,false,Agency,External
REQ0000031,CAND00000329,,2016-02-11,2016-02-15,2016-02-20,,,false,Career Site,External
REQ0000031,CAND00000330,,2016-02-27,,,,,false,Referral,External
REQ0000031,CAND00000331,,2016-02-23,,,,,false,Referral,External
REQ0000031,CAND00000332,,2016-02-21,,,,,false,Walk-in,External
REQ0000031,CAND00000333,,2016-02-15,,,,,false,Job Board,External
REQ0000031,CAND00000334,,2016-01-25,,,,,false,Job Board,External
REQ0000031,CAND00000335,,2016-02-04,,,,,false,Job Board,External
REQ0000031,CAND00000336,,2016-01-31,,,,,false,Agency,External
REQ0000031,CAND00000337,,2016-02-27,,,,,false,Walk-in,External
REQ0000031,CAND00000338,,2016-02-15,,,,,false,Referral,External
REQ0000031,CAND00000339,,2016-01-28,,,,,false,Job Board,External
REQ0000031,CAND00000340,,2016-02-10,,,,,false,Internal Mobility,Internal
REQ0000031,CAND00000341,,2016-02-08,,,,,false,Career Site,External
REQ0000031,CAND00000342,,2016-02-06,,,,,false,Referral,External
REQ0000031,CAND00000343,,2016-03-05,,,,,false,Job Board,External
REQ0000031,CAND00000344,,2016-03-05,,,,,false,Internal Mobility,Internal
REQ0000031,CAND00000345,,2016-03-02,,,,,false,Career Site,External
REQ0000031,CAND00000346,,2016-03-05,2016-03-10,2016-03-12,,,false,Agency,External
REQ0000031,CAND00000347,,2016-02-28,,,,,false,Referral,External
REQ0000031,CAND00000348,,2016-02-03,2016-02-16,2016-02-18,,,false,LinkedIn,External
REQ0000031,CAND00000349,,2016-02-05,,,,,false,Internal Mobility,Internal
REQ0000032,CAND00000350,410,2016-02-07,2016-02-20,2016-02-29,2016-03-07,2016-03-10,true,Referral,External
REQ0000032,CAND00000351,,2016-01-23,,,,,false,Job Board,External
REQ0000032,CAND00000352,,2016-02-05,,,,,false,Agency,External
REQ0000032,CAND00000353,,2016-02-13,,,,,false,Job Board,External
REQ0000032,CAND00000354,,2016-02-27,2016-02-28,,,,false,Job Board,External
REQ0000032,CAND00000355,,2016-02-18,,,,,false,Agency,External
REQ0000032,CAND00000356,,2016-02-17,,,,,false,Job Board,External
REQ0000032,CAND00000357,,2016-02-07,,,,,false,Job Board,External
REQ0000032,CAND00000358,,2016-02-05,,,,,false,Agency,External
REQ0000032,CAND00000359,,2016-02-02,,,,,false,LinkedIn,External
REQ0000032,CAND00000360,,2016-02-11,,,,,false,Referral,External
REQ0000032,CAND00000361,,2016-02-04,,,,,false,Job Board,External
REQ0000032,CAND00000362,,2016-02-06,,,,,false,Job Board,External
REQ0000032,CAND00000363,,2016-02-21,2016-02-27,,,,false,Job Board,External
REQ0000032,CAND00000364,,2016-01-25,,,,,false,Referral,External
REQ0000033,CAND00000365,411,2016-02-10,2016-02-19,2016-02-22,2016-02-27,2016-03-01,true,Job Board,External
REQ0000033,CAND00000366,,2016-01-24,,,,,false,Walk-in,External
REQ0000033,CAND00000367,,2016-01-30,,,,,false,Referral,External
REQ0000033,CAND00000368,,2016-02-20,,,,,false,Job Board,External
REQ0000033,CAND00000369,,2016-02-19,2016-02-27,,,,false,Walk-in,External
REQ0000033,CAND00000370,,2016-01-22,,,,,false,LinkedIn,External
REQ0000033,CAND00000371,,2016-02-06,,,,,false,Job Board,External
REQ0000033,CAND00000372,,2016-02-04,,,,,false,Referral,External
REQ0000033,CAND00000373,,2016-01-28,2016-02-10,2016-02-20,2016-02-27,,false,Internal Mobility,Internal
REQ0000033,CAND00000374,,2016-01-24,2016-01-27,2016-02-03,,,false,Agency,External
REQ0000033,CAND00000375,,2016-02-22,,,,,false,Agency,External
REQ0000033,CAND00000376,,2016-01-23,2016-02-06,2016-02-12,2016-02-18,,false,Career Site,External
REQ0000033,CAND00000377,,2016-01-30,,,,,false,Referral,External
REQ0000033,CAND00000378,,2016-02-27,,,,,false,Career Site,External
REQ0000033,CAND00000379,,2016-02-12,,,,,false,Referral,External
REQ0000033,CAND00000380,,2016-01-22,2016-01-26,2016-01-30,,,false,Job Board,External
REQ0000034,CAND00000381,412,2016-02-17,2016-02-19,2016-02-22,2016-03-01,2016-03-12,true,Agency,External
REQ0000034,CAND00000382,,2016-02-15,,,,,false,Referral,External
REQ0000034,CAND00000383,,2016-02-12,,,,,false,Job Board,External
REQ0000034,CAND00000384,,2016-02-03,,,,,false,Job Board,External
REQ0000034,CAND00000385,,2016-02-04,,,,,false,Walk-in,External
REQ0000035,CAND00000386,413,2016-01-18,2016-01-26,2016-02-10,2016-02-11,2016-03-03,true,Career Site,External
REQ0000035,CAND00000387,,2016-02-03,,,,,false,Referral,External
REQ0000035,CAND00000388,,2016-01-11,,,,,false,Career Site,External
REQ0000036,CAND00000389,,2016-02-20,,,,,false,Internal Mobility,Internal
REQ0000036,CAND00000390,,2016-03-04,2016-03-12,2016-03-17,,,false,Agency,External
REQ0000036,CAND00000391,,2016-02-15,2016-02-29,,,,false,LinkedIn,External
REQ0000036,CAND00000392,,2016-03-05,2016-03-17,,,,false,Internal Mobility,Internal
REQ0000036,CAND00000393,,2016-02-26,,,,,false,LinkedIn,External
REQ0000036,CAND00000394,,2016-03-14,2016-03-24,,,,false,Job Board,External
REQ0000037,CAND00000395,,2016-02-12,,,,,false,LinkedIn,External
REQ0000037,CAND00000396,,2016-01-14,2016-01-18,2016-01-29,,,false,Referral,External
REQ0000037,CAND00000397,,2016-02-15,2016-02-23,2016-02-29,,,false,Referral,External
REQ0000037,CAND00000398,,2016-01-15,,,,,false,Job Board,External
REQ0000037,CAND00000399,,2016-02-10,,,,,false,Referral,External
REQ0000037,CAND00000400,,2016-02-10,,,,,false,LinkedIn,External
REQ0000037,CAND00000401,,2016-01-10,,,,,false,Career Site,External
REQ0000037,CAND00000402,,2016-01-11,,,,,false,Referral,External
REQ0000037,CAND00000403,,2016-01-10,,,,,false,LinkedIn,External
REQ0000037,CAND00000404,,2016-01-16,,,,,false,Referral,External
REQ0000037,CAND00000405,,2016-02-10,2016-02-20,,,,false,Agency,External
REQ0000037,CAND00000406,,2016-01-17,,,,,false,Job Board,External
REQ0000037,CAND00000407,,2016-02-04,,,,,false,Referral,External
REQ0000037,CAND00000408,,2016-01-09,2016-01-18,,,,false,Career Site,External
REQ0000037,CAND00000409,,2016-01-25,,,,,false,Job Board,External
REQ0000037,CAND00000410,,2016-01-11,2016-01-23,,,,false,Career Site,External
REQ0000038,CAND00000411,414,2016-03-18,2016-03-24,2016-03-28,2016-04-02,2016-04-08,true,Internal Mobility,Internal
REQ0000038,CAND00000412,,2016-02-27,,,,,false,Internal Mobility,Internal
REQ0000038,CAND00000413,,2016-03-31,,,,,false,Career Site,External
REQ0000038,CAND00000414,,2016-04-06,2016-04-15,,,,false,Referral,External
REQ0000039,CAND00000415,415,2016-03-16,2016-03-24,2016-03-26,2016-04-03,2016-04-10,true,Referral,External
REQ0000039,CAND00000416,,2016-03-22,,,,,false,Referral,External
REQ0000039,CAND00000417,,2016-03-06,,,,,false,Career Site,External
REQ0000039,CAND00000418,,2016-03-27,,,,,false,Walk-in,External
REQ0000039,CAND00000419,,2016-04-03,2016-04-16,2016-04-25,,,false,LinkedIn,External
REQ0000039,CAND00000420,,2016-03-18,,,,,false,LinkedIn,External
REQ0000039,CAND00000421,,2016-04-02,,,,,false,Referral,External
REQ0000039,CAND00000422,,2016-03-13,2016-03-19,,,,false,Internal Mobility,Internal
REQ0000039,CAND00000423,,2016-03-26,,,,,false,Job Board,External
REQ0000039,CAND00000424,,2016-04-03,,,,,false,Job Board,External
REQ0000039,CAND00000425,,2016-04-01,,,,,false,Job Board,External
REQ0000039,CAND00000426,,2016-03-21,2016-04-04,2016-04-05,,,false,LinkedIn,External
REQ0000039,CAND00000427,,2016-03-31,2016-04-06,2016-04-12,,,false,Career Site,External
REQ0000039,CAND00000428,,2016-03-29,2016-03-31,,,,false,LinkedIn,External
REQ0000039,CAND00000429,,2016-03-04,,,,,false,Agency,External
REQ0000039,CAND00000430,,2016-03-03,2016-03-07,2016-03-17,,,false,Agency,External
REQ0000039,CAND00000431,,2016-03-21,,,,,false,Referral,External
REQ0000039,CAND00000432,,2016-03-07,2016-03-15,,,,false,Referral,External
REQ0000039,CAND00000433,,2016-03-13,,,,,false,Job Board,External
REQ0000039,CAND00000434,,2016-04-04,2016-04-06,2016-04-13,,,false,Referral,External
REQ0000039,CAND00000435,,2016-02-25,,,,,false,Job Board,External
REQ0000040,CAND00000436,416,2016-02-01,2016-03-03,2016-03-29,2016-04-01,2016-04-13,true,Internal Mobility,Internal
REQ0000040,CAND00000437,,2016-01-20,2016-02-04,2016-02-13,,,false,LinkedIn,External
REQ0000040,CAND00000438,,2016-02-20,,,,,false,Referral,External
REQ0000040,CAND00000439,,2016-02-11,2016-02-23,,,,false,Referral,External
REQ0000040,CAND00000440,,2016-02-14,,,,,false,Job Board,External
REQ0000040,CAND00000441,,2016-02-16,,,,,false,Referral,External
REQ0000040,CAND00000442,,2016-01-24,,,,,false,Referral,External
REQ0000040,CAND00000443,,2016-01-27,,,,,false,Job Board,External
REQ0000040,CAND00000444,,2016-02-14,2016-03-16,,,,false,LinkedIn,External
REQ0000040,CAND00000445,,2016-01-26,,,,,false,Referral,External
REQ0000040,CAND00000446,,2016-02-18,,,,,false,Career Site,External
REQ0000040,CAND00000447,,2016-02-03,,,,,false,Career Site,External
REQ0000040,CAND00000448,,2016-02-11,,,,,false,Career Site,External
REQ0000040,CAND00000449,,2016-02-07,2016-03-10,,,,false,Agency,External
REQ0000040,CAND00000450,,2016-02-19,,,,,false,LinkedIn,External
REQ0000040,CAND00000451,,2016-02-09,,,,,false,Agency,External
REQ0000040,CAND00000452,,2016-01-23,2016-02-01,,,,false,LinkedIn,External
REQ0000041,CAND00000453,417,2016-03-08,2016-03-10,2016-03-14,2016-03-20,2016-04-09,true,Internal Mobility,Internal
REQ0000041,CAND00000454,,2016-03-23,,,,,false,Referral,External
REQ0000041,CAND00000455,,2016-03-04,,,,,false,Job Board,External
REQ0000041,CAND00000456,,2016-03-27,,,,,false,Job Board,External
REQ0000041,CAND00000457,,2016-02-26,2016-02-27,,,,false,Career Site,External
REQ0000041,CAND00000458,,2016-03-19,,,,,false,Referral,External
REQ0000041,CAND00000459,,2016-02-23,,,,,false,Career Site,External
REQ0000041,CAND00000460,,2016-02-23,2016-03-06,,,,false,Referral,External
REQ0000041,CAND00000461,,2016-03-10,,,,,false,Job Board,External
REQ0000041,CAND00000462,,2016-02-20,2016-02-26,,,,false,LinkedIn,External
REQ0000041,CAND00000463,,2016-03-25,,,,,false,Referral,External
REQ0000041,CAND00000464,,2016-03-06,2016-03-18,2016-03-28,2016-03-30,,false,Internal Mobility,Internal
REQ0000041,CAND00000465,,2016-02-24,2016-03-08,,,,false,Walk-in,External
REQ0000041,CAND00000466,,2016-03-20,,,,,false,Job Board,External
REQ0000041,CAND00000467,,2016-03-21,,,,,false,Career Site,External
REQ0000041,CAND00000468,,2016-03-16,2016-03-22,2016-03-23,,,false,Job Board,External
REQ0000042,CAND00000469,418,2016-03-07,2016-03-15,2016-03-19,2016-03-28,2016-04-13,true,Job Board,External
REQ0000042,CAND00000470,,2016-02-27,2016-03-03,,,,false,Referral,External
REQ0000042,CAND00000471,,2016-03-25,,,,,false,Career Site,External
REQ0000042,CAND00000472,,2016-02-24,,,,,false,Career Site,External
REQ0000042,CAND00000473,,2016-03-01,,,,,false,Career Site,External
REQ0000042,CAND00000474,,2016-03-08,,,,,false,Job Board,External
REQ0000042,CAND00000475,,2016-02-21,,,,,false,Job Board,External
REQ0000042,CAND00000476,,2016-02-19,,,,,false,Career Site,External
REQ0000042,CAND00000477,,2016-03-14,,,,,false,LinkedIn,External
REQ0000042,CAND00000478,,2016-02-17,,,,,false,Job Board,External
REQ0000042,CAND00000479,,2016-02-22,2016-02-27,2016-03-06,,,false,Career Site,External
REQ0000042,CAND00000480,,2016-02-24,,,,,false,Agency,External
REQ0000042,CAND00000481,,2016-03-19,,,,,false,Referral,External
REQ0000042,CAND00000482,,2016-03-07,,,,,false,Career Site,External
REQ0000043,CAND00000483,419,2016-03-17,2016-03-20,2016-03-27,2016-04-01,2016-04-07,true,Job Board,External
REQ0000043,CAND00000484,,2016-03-08,,,,,false,Job Board,External
REQ0000043,CAND00000485,,2016-04-02,,,,,false,Referral,External
REQ0000043,CAND00000486,,2016-04-01,,,,,false,Job Board,External
REQ0000043,CAND00000487,,2016-03-05,,,,,false,Job Board,External
REQ0000044,CAND00000488,420,2016-01-20,2016-02-12,2016-02-22,2016-03-10,2016-04-11,true,Walk-in,External
REQ0000044,CAND00000489,,2016-01-08,,,,,false,Internal Mobility,Internal
REQ0000044,CAND00000490,,2016-01-17,,,,,false,Job Board,External
REQ0000044,CAND00000491,,2016-01-30,,,,,false,LinkedIn,External
REQ0000044,CAND00000492,,2016-01-05,,,,,false,Internal Mobility,Internal
REQ0000044,CAND00000493,,2016-01-09,,,,,false,LinkedIn,External
REQ0000044,CAND00000494,,2016-01-01,2016-01-15,,,,false,Internal Mobility,Internal
REQ0000044,CAND00000495,,2016-01-10,,,,,false,Career Site,External
REQ0000044,CAND00000496,,2016-01-20,2016-01-27,,,,false,Referral,External
REQ0000044,CAND00000497,,2016-01-23,2016-02-10,,,,false,Referral,External
REQ0000045,CAND00000498,421,2016-03-11,2016-03-13,2016-03-19,2016-03-28,2016-04-12,true,Internal Mobility,Internal
REQ0000045,CAND00000499,,2016-02-29,,,,,false,Job Board,External
REQ0000045,CAND00000500,,2016-02-26,,,,,false,Internal Mobility,Internal
REQ0000045,CAND00000501,,2016-02-25,,,,,false,Referral,External
REQ0000045,CAND00000502,,2016-03-04,2016-03-16,2016-03-24,,,false,Job Board,External
REQ0000045,CAND00000503,,2016-03-28,2016-03-31,,,,false,Job Board,External
REQ0000045,CAND00000504,,2016-03-21,2016-04-02,,,,false,LinkedIn,External
REQ0000046,CAND00000505,422,2016-02-21,2016-02-25,2016-03-04,2016-03-10,2016-04-03,true,Career Site,External
REQ0000046,CAND00000506,,2016-03-09,,,,,false,Job Board,External
REQ0000046,CAND00000507,,2016-03-11,2016-03-24,2016-03-28,,,false,Career Site,External
REQ0000046,CAND00000508,,2016-03-03,,,,,false,LinkedIn,External
REQ0000046,CAND00000509,,2016-02-23,,,,,false,Job Board,External
REQ0000046,CAND00000510,,2016-03-07,,,,,false,Agency,External
REQ0000046,CAND00000511,,2016-02-18,,,,,false,Job Board,External
REQ0000046,CAND00000512,,2016-02-21,2016-02-27,2016-03-07,,,false,Job Board,External
REQ0000046,CAND00000513,,2016-02-24,,,,,false,Internal Mobility,Internal
REQ0000046,CAND00000514,,2016-02-25,,,,,false,Job Board,External
REQ0000046,CAND00000515,,2016-02-24,,,,,false,LinkedIn,External
REQ0000046,CAND00000516,,2016-02-26,,,,,false,Job Board,External
REQ0000046,CAND00000517,,2016-02-13,2016-02-14,,,,false,Referral,External
REQ0000046,CAND00000518,,2016-03-02,,,,,false,Job Board,External
REQ0000047,CAND00000519,423,2016-02-21,2016-03-04,2016-03-10,2016-03-13,2016-04-01,true,LinkedIn,External
REQ0000047,CAND00000520,,2016-02-02,2016-02-04,,,,false,Internal Mobility,Internal
REQ0000047,CAND00000521,,2016-03-03,,,,,false,Job Board,External
REQ0000047,CAND00000522,,2016-02-10,,,,,false,Walk-in,External
REQ0000047,CAND00000523,,2016-02-01,,,,,false,LinkedIn,External
REQ0000047,CAND00000524,,2016-03-10,,,,,false,Job Board,External
REQ0000047,CAND00000525,,2016-02-14,,,,,false,LinkedIn,External
REQ0000047,CAND00000526,,2016-02-22,,,,,false,Career Site,External
REQ0000047,CAND00000527,,2016-02-27,,,,,false,Job Board,External
REQ0000047,CAND00000528,,2016-02-04,,,,,false,Walk-in,External
REQ0000047,CAND00000529,,2016-02-12,,,,,false,Agency,External
REQ0000047,CAND00000530,,2016-02-27,2016-03-02,2016-03-09,,,false,Agency,External
REQ0000047,CAND00000531,,2016-02-07,,,,,false,Career Site,External
REQ0000048,CAND00000532,,2016-02-25,,,,,false,Job Board,External
REQ0000048,CAND00000533,,2016-03-05,,,,,false,LinkedIn,External
REQ0000048,CAND00000534,,2016-03-05,,,,,false,LinkedIn,External
REQ0000048,CAND00000535,,2016-02-26,2016-02-27,,,,false,Job Board,External
REQ0000048,CAND00000536,,2016-02-28,2016-03-11,2016-03-21,,,false,Referral,External
REQ0000048,CAND00000537,,2016-03-10,,,,,false,Walk-in,External
REQ0000048,CAND00000538,,2016-03-04,,,,,false,Referral,External
REQ0000048,CAND00000539,,2016-03-18,2016-03-24,2016-04-02,,,false,LinkedIn,External
REQ0000048,CAND00000540,,2016-03-26,,,,,false,LinkedIn,External
REQ0000048,CAND00000541,,2016-03-06,,,,,false,Referral,External
REQ0000049,CAND00000542,424,2016-03-31,2016-04-13,2016-04-23,2016-05-03,2016-05-10,true,Referral,External
REQ0000049,CAND00000543,,2016-04-12,2016-04-18,,,,false,Internal Mobility,Internal
REQ0000049,CAND00000544,,2016-04-02,2016-04-05,,,,false,Career Site,External
REQ0000049,CAND00000545,,2016-03-18,2016-03-19,,,,false,Internal Mobility,Internal
REQ0000049,CAND00000546,,2016-03-25,,,,,false,Job Board,External
REQ0000049,CAND00000547,,2016-04-16,2016-04-29,,,,false,Job Board,External
REQ0000049,CAND00000548,,2016-04-11,2016-04-12,2016-04-17,2016-04-22,,false,Internal Mobility,Internal
REQ0000049,CAND00000549,,2016-03-28,2016-04-09,,,,false,Referral,External
REQ0000049,CAND00000550,,2016-04-10,,,,,false,Job Board,External
REQ0000050,CAND00000551,425,2016-04-05,2016-04-18,2016-04-24,2016-05-04,2016-05-08,true,Internal Mobility,Internal
REQ0000050,CAND00000552,,2016-04-23,,,,,false,Referral,External
REQ0000050,CAND00000553,,2016-03-24,,,,,false,Job Board,External
REQ0000050,CAND00000554,,2016-03-27,,,,,false,Career Site,External
REQ0000050,CAND00000555,,2016-04-11,2016-04-20,,,,false,Agency,External
REQ0000050,CAND00000556,,2016-04-17,,,,,false,Career Site,External
REQ0000050,CAND00000557,,2016-03-31,,,,,false,Referral,External
REQ0000050,CAND00000558,,2016-04-14,2016-04-20,2016-04-28,,,false,Career Site,External
REQ0000050,CAND00000559,,2016-04-23,,,,,false,Referral,External
REQ0000050,CAND00000560,,2016-03-24,2016-03-26,,,,false,Referral,External
REQ0000050,CAND00000561,,2016-04-10,,,,,false,Job Board,External
REQ0000050,CAND00000562,,2016-04-21,,,,,false,Career Site,External
REQ0000050,CAND00000563,,2016-04-22,,,,,false,Internal Mobility,Internal
REQ0000050,CAND00000564,,2016-04-05,,,,,false,Internal Mobility,Internal
REQ0000050,CAND00000565,,2016-04-03,2016-04-10,,,,false,Job Board,External
REQ0000050,CAND00000566,,2016-04-08,,,,,false,LinkedIn,External
REQ0000051,CAND00000567,426,2016-02-14,2016-02-18,2016-03-09,2016-03-24,2016-05-03,true,Internal Mobility,Internal
REQ0000051,CAND00000568,,2016-03-05,,,,,false,Job Board,External
REQ0000051,CAND00000569,,2016-02-02,,,,,false,Job Board,External
REQ0000051,CAND00000570,,2016-02-01,2016-02-24,,,,false,Referral,External
REQ0000051,CAND00000571,,2016-01-28,2016-02-14,2016-03-02,,,false,Agency,External
REQ0000051,CAND00000572,,2016-02-13,,,,,false,Referral,External
REQ0000051,CAND00000573,,2016-02-05,,,,,false,Walk-in,External
REQ0000051,CAND00000574,,2016-02-11,,,,,false,LinkedIn,External
REQ0000051,CAND00000575,,2016-01-30,2016-02-19,2016-03-01,,,false,Referral,External
REQ0000051,CAND00000576,,2016-02-25,2016-02-28,,,,false,Career Site,External
REQ0000051,CAND00000577,,2016-02-21,,,,,false,Referral,External
REQ0000051,CAND00000578,,2016-01-30,,,,,false,Referral,External
REQ0000051,CAND00000579,,2016-02-06,,,,,false,Job Board,External
REQ0000051,CAND00000580,,2016-01-25,2016-01-26,2016-02-06,,,false,Walk-in,External
REQ0000051,CAND00000581,,2016-02-06,,,,,false,Internal Mobility,Internal
REQ0000051,CAND00000582,,2016-02-20,2016-03-06,2016-03-22,,,false,LinkedIn,External
REQ0000052,CAND00000583,427,2016-04-01,2016-04-08,2016-04-13,2016-04-19,2016-05-09,true,Walk-in,External
REQ0000053,CAND00000584,428,2016-04-03,2016-04-16,2016-04-19,2016-04-26,2016-05-13,true,Referral,External
REQ0000053,CAND00000585,,2016-03-22,,,,,false,Job Board,External
REQ0000053,CAND00000586,,2016-03-20,,,,,false,Referral,External
REQ0000053,CAND00000587,,2016-03-16,2016-04-08,2016-04-10,2016-04-15,,false,Career Site,External
REQ0000053,CAND00000588,,2016-03-18,2016-03-31,2016-04-14,,,false,Internal Mobility,Internal
REQ0000053,CAND00000589,,2016-04-18,,,,,false,Internal Mobility,Internal
REQ0000053,CAND00000590,,2016-03-17,,,,,false,Job Board,External
REQ0000053,CAND00000591,,2016-04-16,2016-05-05,2016-05-20,2016-05-27,,false,Job Board,External
REQ0000053,CAND00000592,,2016-03-20,2016-04-07,2016-04-19,,,false,LinkedIn,External
REQ0000053,CAND00000593,,2016-04-11,,,,,false,LinkedIn,External
REQ0000053,CAND00000594,,2016-04-05,,,,,false,Career Site,External
REQ0000053,CAND00000595,,2016-04-09,,,,,false,Referral,External
REQ0000053,CAND00000596,,2016-04-14,2016-04-16,,,,false,Job Board,External
REQ0000053,CAND00000597,,2016-04-11,,,,,false,Job Board,External
REQ0000053,CAND00000598,,2016-04-03,,,,,false,Job Board,External
REQ0000053,CAND00000599,,2016-04-02,2016-04-09,2016-04-23,2016-04-24,,false,Agency,External
REQ0000053,CAND00000600,,2016-04-03,,,,,false,Internal Mobility,Internal
REQ0000053,CAND00000601,,2016-04-21,2016-04-26,2016-04-28,2016-05-11,,false,Career Site,External
REQ0000053,CAND00000602,,2016-04-08,,,,,false,Referral,External
REQ0000053,CAND00000603,,2016-04-22,2016-05-05,,,,false,Job Board,External
REQ0000053,CAND00000604,,2016-04-15,,,,,false,Agency,External
REQ0000054,CAND00000605,429,2016-04-15,2016-04-16,2016-04-19,2016-04-28,2016-05-13,true,Career Site,External
REQ0000054,CAND00000606,,2016-04-29,,,,,false,Referral,External
REQ0000054,CAND00000607,,2016-04-29,,,,,false,Career Site,External
REQ0000054,CAND00000608,,2016-04-25,,,,,false,LinkedIn,External
REQ0000054,CAND00000609,,2016-04-16,,,,,false,Internal Mobility,Internal
REQ0000054,CAND00000610,,2016-04-13,2016-04-15,2016-04-16,,,false,Walk-in,External
REQ0000054,CAND00000611,,2016-04-23,,,,,false,LinkedIn,External
REQ0000054,CAND00000612,,2016-04-24,,,,,false,Career Site,External
REQ0000054,CAND00000613,,2016-04-14,2016-04-26,2016-05-04,2016-05-11,,false,Job Board,External
REQ0000054,CAND00000614,,2016-04-28,2016-04-29,2016-05-07,,,false,Job Board,External
REQ0000055,CAND00000615,430,2016-04-04,2016-04-17,2016-04-27,2016-05-04,2016-05-09,true,Internal Mobility,Internal
REQ0000055,CAND00000616,,2016-04-10,,,,,false,Internal Mobility,Internal
REQ0000055,CAND00000617,,2016-03-21,,,,,false,LinkedIn,External
REQ0000055,CAND00000618,,2016-04-07,,,,,false,Job Board,External
REQ0000056,CAND00000619,,2016-02-15,,,,,false,Referral,External
REQ0000056,CAND00000620,,2016-02-12,,,,,false,Referral,External
REQ0000056,CAND00000621,,2016-01-16,,,,,false,Job Board,External
REQ0000056,CAND00000622,,2016-02-08,,,,,false,Internal Mobility,Internal
REQ0000056,CAND00000623,,2016-02-18,,,,,false,Agency,External
REQ0000056,CAND00000624,,2016-02-19,2016-04-02,2016-04-19,,,false,Walk-in,External
REQ0000056,CAND00000625,,2016-01-19,2016-01-25,,,,false,Career Site,External
REQ0000056,CAND00000626,,2016-01-28,2016-02-23,,,,false,Career Site,External
REQ0000057,CAND00000627,431,2016-04-24,2016-05-01,2016-05-07,2016-05-17,2016-06-11,true,Career Site,External
REQ0000057,CAND00000628,,2016-05-12,2016-05-24,,,,false,Job Board,External
REQ0000057,CAND00000629,,2016-04-23,,,,,false,Career Site,External
REQ0000057,CAND00000630,,2016-04-28,,,,,false,Internal Mobility,Internal
REQ0000057,CAND00000631,,2016-04-06,,,,,false,Job Board,External
REQ0000058,CAND00000632,432,2016-04-24,2016-05-04,2016-05-13,2016-05-15,2016-06-01,true,Job Board,External
REQ0000058,CAND00000633,,2016-05-06,,,,,false,Job Board,External
REQ0000058,CAND00000634,,2016-04-08,2016-04-18,2016-04-22,2016-04-25,,false,Career Site,External
REQ0000058,CAND00000635,,2016-04-27,2016-05-05,2016-05-11,2016-05-21,,false,Internal Mobility,Internal
REQ0000058,CAND00000636,,2016-04-20,2016-04-30,,,,false,Career Site,External
REQ0000058,CAND00000637,,2016-04-11,,,,,false,Career Site,External
REQ0000058,CAND00000638,,2016-04-28,,,,,false,LinkedIn,External
REQ0000058,CAND00000639,,2016-04-22,,,,,false,Job Board,External
REQ0000058,CAND00000640,,2016-05-11,,,,,false,Referral,External
REQ0000059,CAND00000641,433,2016-02-14,2016-02-29,2016-03-03,2016-03-30,2016-06-02,true,Job Board,External
REQ0000059,CAND00000642,,2016-01-31,2016-02-24,2016-03-04,,,false,Job Board,External
REQ0000059,CAND00000643,,2016-01-29,,,,,false,Job Board,External
REQ0000059,CAND00000644,,2016-03-03,2016-03-12,2016-04-01,,,false,Job Board,External
REQ0000059,CAND00000645,,2016-02-16,2016-03-02,,,,false,Referral,External
REQ0000059,CAND00000646,,2016-01-31,,,,,false,Job Board,External
REQ0000059,CAND00000647,,2016-02-08,,,,,false,Referral,External
REQ0000059,CAND00000648,,2016-02-02,2016-02-08,2016-03-09,2016-04-04,,false,Career Site,External
REQ0000059,CAND00000649,,2016-03-03,2016-03-13,,,,false,Agency,External
REQ0000059,CAND00000650,,2016-02-26,,,,,false,Job Board,External
REQ0000059,CAND00000651,,2016-02-28,,,,,false,Walk-in,External
REQ0000059,CAND00000652,,2016-02-12,,,,,false,Agency,External
REQ0000059,CAND00000653,,2016-02-09,,,,,false,Career Site,External
REQ0000060,CAND00000654,434,2016-05-04,2016-05-08,2016-05-10,2016-05-15,2016-06-04,true,Job Board,External
REQ0000060,CAND00000655,,2016-04-18,2016-04-19,2016-04-28,,,false,Referral,External
REQ0000060,CAND00000656,,2016-04-19,,,,,false,Referral,External
REQ0000060,CAND00000657,,2016-04-21,,,,,false,Job Board,External
REQ0000060,CAND00000658,,2016-04-15,,,,,false,Job Board,External
REQ0000060,CAND00000659,,2016-05-04,,,,,false,Job Board,External
REQ0000060,CAND00000660,,2016-05-08,,,,,false,Job Board,External
REQ0000060,CAND00000661,,2016-05-23,2016-05-28,,,,false,LinkedIn,External
REQ0000060,CAND00000662,,2016-05-06,,,,,false,Job Board,External
REQ0000060,CAND00000663,,2016-05-14,,,,,false,Career Site,External
REQ0000060,CAND00000664,,2016-05-22,2016-05-29,,,,false,Agency,External
REQ0000060,CAND00000665,,2016-04-17,,,,,false,Job Board,External
REQ0000060,CAND00000666,,2016-05-07,,,,,false,LinkedIn,External
REQ0000060,CAND00000667,,2016-04-26,2016-04-30,,,,false,Referral,External
REQ0000060,CAND00000668,,2016-05-14,,,,,false,Job Board,External
REQ0000060,CAND00000669,,2016-04-28,2016-05-05,,,,false,Walk-in,External
REQ0000061,CAND00000670,435,2016-05-14,2016-05-17,2016-05-19,2016-05-20,2016-06-12,true,Referral,External
REQ0000061,CAND00000671,,2016-06-03,,,,,false,Referral,External
REQ0000061,CAND00000672,,2016-05-10,,,,,false,Career Site,External
REQ0000061,CAND00000673,,2016-04-25,2016-04-30,2016-05-06,2016-05-15,,false,Referral,External
REQ0000061,CAND00000674,,2016-04-28,,,,,false,Job Board,External
REQ0000061,CAND00000675,,2016-05-13,,,,,false,Job Board,External
REQ0000061,CAND00000676,,2016-05-10,,,,,false,LinkedIn,External
REQ0000061,CAND00000677,,2016-05-27,,,,,false,Job Board,External
REQ0000061,CAND00000678,,2016-06-01,,,,,false,Job Board,External
REQ0000062,CAND00000679,436,2016-03-29,2016-04-18,2016-05-02,2016-05-16,2016-06-04,true,Career Site,External
REQ0000062,CAND00000680,,2016-04-08,,,,,false,Walk-in,External
REQ0000062,CAND00000681,,2016-03-14,,,,,false,Career Site,External
REQ0000062,CAND00000682,,2016-03-25,,,,,false,Job Board,External
REQ0000062,CAND00000683,,2016-03-18,,,,,false,Walk-in,External
REQ0000062,CAND00000684,,2016-03-13,,,,,false,Referral,External
REQ0000062,CAND00000685,,2016-03-16,,,,,false,Career Site,External
REQ0000062,CAND00000686,,2016-03-14,,,,,false,Internal Mobility,Internal
REQ0000063,CAND00000687,437,2016-05-01,2016-05-03,2016-05-23,2016-06-02,2016-06-07,true,Job Board,External
REQ0000064,CAND00000688,438,2016-02-14,2016-02-24,2016-03-23,2016-03-27,2016-06-03,true,LinkedIn,External
REQ0000064,CAND00000689,,2016-02-23,,,,,false,Job Board,External
REQ0000064,CAND00000690,,2016-02-12,2016-02-15,2016-02-27,,,false,Job Board,External
REQ0000064,CAND00000691,,2016-02-09,,,,,false,Job Board,External
REQ0000064,CAND00000692,,2016-02-14,2016-03-11,2016-04-07,,,false,Job Board,External
REQ0000064,CAND00000693,,2016-02-04,2016-02-20,2016-03-06,,,false,Job Board,External
REQ0000064,CAND00000694,,2016-02-19,2016-03-23,2016-04-10,,,false,Referral,External
REQ0000064,CAND00000695,,2016-02-04,2016-02-24,,,,false,Job Board,External
REQ0000065,CAND00000696,439,2016-04-12,2016-04-26,2016-05-06,2016-05-12,2016-06-01,true,Referral,External
REQ0000065,CAND00000697,,2016-04-03,,,,,false,Job Board,External
REQ0000065,CAND00000698,,2016-04-17,,,,,false,Referral,External
REQ0000065,CAND00000699,,2016-04-13,,,,,false,Referral,External
REQ0000065,CAND00000700,,2016-04-06,,,,,false,LinkedIn,External
REQ0000065,CAND00000701,,2016-03-25,,,,,false,Career Site,External
REQ0000065,CAND00000702,,2016-03-24,2016-04-05,2016-04-14,,,false,Career Site,External
REQ0000065,CAND00000703,,2016-05-02,,,,,false,Job Board,External
REQ0000065,CAND00000704,,2016-04-15,,,,,false,LinkedIn,External
REQ0000065,CAND00000705,,2016-04-15,2016-04-18,,,,false,Walk-in,External
REQ0000065,CAND00000706,,2016-03-29,,,,,false,Job Board,External
REQ0000065,CAND00000707,,2016-03-23,2016-04-06,2016-04-08,2016-04-16,,false,Career Site,External
REQ0000065,CAND00000708,,2016-04-28,2016-05-10,,,,false,Walk-in,External
REQ0000065,CAND00000709,,2016-04-29,,,,,false,Job Board,External
REQ0000065,CAND00000710,,2016-03-29,,,,,false,Agency,External
REQ0000065,CAND00000711,,2016-04-11,,,,,false,Job Board,External
REQ0000065,CAND00000712,,2016-03-31,2016-04-12,2016-04-16,2016-04-18,,false,Internal Mobility,Internal
REQ0000065,CAND00000713,,2016-04-21,,,,,false,LinkedIn,External
REQ0000065,CAND00000714,,2016-04-25,2016-05-01,,,,false,LinkedIn,External
REQ0000065,CAND00000715,,2016-03-26,2016-03-31,,,,false,Job Board,External
REQ0000066,CAND00000716,440,2016-04-10,2016-04-14,2016-05-06,2016-05-08,2016-06-05,true,Career Site,External
REQ0000066,CAND00000717,,2016-04-11,,,,,false,Career Site,External
REQ0000066,CAND00000718,,2016-04-25,2016-05-29,2016-06-02,,,false,Walk-in,External
REQ0000066,CAND00000719,,2016-04-26,,,,,false,Referral,External
REQ0000066,CAND00000720,,2016-04-10,,,,,false,Referral,External
REQ0000066,CAND00000721,,2016-04-28,,,,,false,Referral,External
REQ0000066,CAND00000722,,2016-04-11,,,,,false,Career Site,External
REQ0000066,CAND00000723,,2016-03-25,,,,,false,Referral,External
REQ0000066,CAND00000724,,2016-04-13,,,,,false,Job Board,External
REQ0000066,CAND00000725,,2016-03-25,2016-03-31,,,,false,Career Site,External
REQ0000066,CAND00000726,,2016-04-06,,,,,false,LinkedIn,External
REQ0000066,CAND00000727,,2016-04-04,2016-04-28,2016-05-12,,,false,Referral,External
REQ0000066,CAND00000728,,2016-04-27,,,,,false,Job Board,External
REQ0000066,CAND00000729,,2016-04-20,2016-05-26,2016-06-25,,,false,Job Board,External
REQ0000066,CAND00000730,,2016-03-24,,,,,false,Career Site,External
REQ0000066,CAND00000731,,2016-04-17,2016-05-23,,,,false,LinkedIn,External
REQ0000067,CAND00000732,,2016-05-14,2016-05-22,2016-06-08,,,false,Internal Mobility,Internal
REQ0000067,CAND00000733,,2016-05-28,2016-06-17,,,,false,Agency,External
REQ0000067,CAND00000734,,2016-04-29,,,,,false,LinkedIn,External
REQ0000067,CAND00000735,,2016-05-17,,,,,false,LinkedIn,External
REQ0000067,CAND00000736,,2016-05-26,2016-06-01,2016-06-08,,,false,Job Board,External
REQ0000067,CAND00000737,,2016-05-07,,,,,false,Career Site,External
REQ0000067,CAND00000738,,2016-05-25,,,,,false,Walk-in,External
REQ0000067,CAND00000739,,2016-05-24,,,,,false,LinkedIn,External
REQ0000068,CAND00000740,441,2016-04-11,2016-04-18,2016-05-05,2016-05-22,2016-07-06,true,Job Board,External
REQ0000068,CAND00000741,,2016-04-05,2016-04-24,,,,false,Walk-in,External
REQ0000068,CAND00000742,,2016-03-24,,,,,false,Job Board,External
REQ0000068,CAND00000743,,2016-04-25,,,,,false,Internal Mobility,Internal
REQ0000068,CAND00000744,,2016-04-03,,,,,false,Referral,External
REQ0000069,CAND00000745,442,2016-05-21,2016-05-31,2016-06-02,2016-06-11,2016-07-01,true,Referral,External
REQ0000069,CAND00000746,,2016-06-10,,,,,false,LinkedIn,External
REQ0000069,CAND00000747,,2016-05-11,,,,,false,Referral,External
REQ0000069,CAND00000748,,2016-05-17,2016-05-30,2016-06-10,,,false,Job Board,External
REQ0000069,CAND00000749,,2016-05-02,2016-05-11,2016-05-14,,,false,Referral,External
REQ0000069,CAND00000750,,2016-05-28,,,,,false,Walk-in,External
REQ0000069,CAND00000751,,2016-05-08,2016-05-09,2016-05-15,,,false,Job Board,External
REQ0000069,CAND00000752,,2016-06-05,,,,,false,Job Board,External
REQ0000069,CAND00000753,,2016-05-26,,,,,false,Referral,External
REQ0000069,CAND00000754,,2016-05-18,2016-05-28,,,,false,Career Site,External
REQ0000069,CAND00000755,,2016-05-31,,,,,false,Job Board,External
REQ0000069,CAND00000756,,2016-05-22,,,,,false,Agency,External
REQ0000070,CAND00000757,443,2016-06-11,2016-06-15,2016-06-20,2016-06-26,2016-07-05,true,Job Board,External
REQ0000070,CAND00000758,,2016-06-13,,,,,false,Job Board,External
REQ0000070,CAND00000759,,2016-06-11,,,,,false,Job Board,External
REQ0000070,CAND00000760,,2016-05-26,2016-06-02,,,,false,LinkedIn,External
REQ0000070,CAND00000761,,2016-05-26,,,,,false,Career Site,External
REQ0000070,CAND00000762,,2016-06-22,,,,,false,LinkedIn,External
REQ0000070,CAND00000763,,2016-06-26,,,,,false,Internal Mobility,Internal
REQ0000070,CAND00000764,,2016-06-01,2016-06-13,2016-06-17,,,false,Walk-in,External
REQ0000070,CAND00000765,,2016-06-13,,,,,false,Job Board,External
REQ0000070,CAND00000766,,2016-06-13,2016-06-14,,,,false,Referral,External
REQ0000070,CAND00000767,,2016-06-30,,,,,false,Agency,External
REQ0000070,CAND00000768,,2016-06-24,2016-06-30,2016-07-08,,,false,Job Board,External
REQ0000070,CAND00000769,,2016-06-30,,,,,false,Agency,External
REQ0000070,CAND00000770,,2016-06-05,,,,,false,Referral,External
REQ0000070,CAND00000771,,2016-05-26,,,,,false,Referral,External
REQ0000070,CAND00000772,,2016-06-09,,,,,false,Referral,External
REQ0000070,CAND00000773,,2016-06-27,,,,,false,Internal Mobility,Internal
REQ0000070,CAND00000774,,2016-06-02,2016-06-05,2016-06-13,,,false,Internal Mobility,Internal
REQ0000070,CAND00000775,,2016-05-25,2016-05-29,2016-06-04,,,false,Job Board,External
REQ0000070,CAND00000776,,2016-06-19,,,,,false,Agency,External
REQ0000070,CAND00000777,,2016-06-05,,,,,false,Referral,External
REQ0000070,CAND00000778,,2016-06-08,2016-06-10,2016-06-15,,,false,Job Board,External
REQ0000071,CAND00000779,444,2016-06-18,2016-06-19,2016-06-24,2016-07-06,2016-07-14,true,Internal Mobility,Internal
REQ0000071,CAND00000780,,2016-06-01,,,,,false,Agency,External
REQ0000071,CAND00000781,,2016-06-08,2016-06-13,,,,false,Job Board,External
REQ0000071,CAND00000782,,2016-07-02,,,,,false,Job Board,External
REQ0000071,CAND00000783,,2016-06-30,,,,,false,Agency,External
REQ0000071,CAND00000784,,2016-06-07,,,,,false,Career Site,External
REQ0000071,CAND00000785,,2016-07-08,,,,,false,LinkedIn,External
REQ0000071,CAND00000786,,2016-07-05,2016-07-08,2016-07-27,,,false,LinkedIn,External
REQ0000071,CAND00000787,,2016-06-30,2016-07-28,,,,false,Agency,External
REQ0000071,CAND00000788,,2016-06-16,,,,,false,Internal Mobility,Internal
REQ0000071,CAND00000789,,2016-06-03,,,,,false,Job Board,External
REQ0000071,CAND00000790,,2016-07-06,,,,,false,Job Board,External
REQ0000071,CAND00000791,,2016-06-16,,,,,false,Job Board,External
REQ0000072,CAND00000792,445,2016-06-20,2016-07-02,2016-07-07,2016-07-08,2016-07-10,true,Referral,External
REQ0000072,CAND00000793,,2016-06-14,,,,,false,LinkedIn,External
REQ0000072,CAND00000794,,2016-07-03,,,,,false,LinkedIn,External
REQ0000072,CAND00000795,,2016-07-05,,,,,false,Internal Mobility,Internal
REQ0000072,CAND00000796,,2016-07-01,,,,,false,Internal Mobility,Internal
REQ0000072,CAND00000797,,2016-07-09,2016-07-21,2016-07-30,,,false,Job Board,External
REQ0000072,CAND00000798,,2016-06-28,2016-07-09,2016-07-19,,,false,LinkedIn,External
REQ0000072,CAND00000799,,2016-06-02,2016-06-14,,,,false,LinkedIn,External
REQ0000072,CAND00000800,,2016-06-24,,,,,false,LinkedIn,External
REQ0000072,CAND00000801,,2016-07-05,,,,,false,Career Site,External
REQ0000073,CAND00000802,446,2016-06-18,2016-06-19,2016-06-23,2016-07-03,2016-07-12,true,Walk-in,External
REQ0000073,CAND00000803,,2016-07-08,,,,,false,Internal Mobility,Internal
REQ0000073,CAND00000804,,2016-06-08,,,,,false,Referral,External
REQ0000073,CAND00000805,,2016-06-27,,,,,false,Job Board,External
REQ0000073,CAND00000806,,2016-06-12,2016-06-26,2016-07-03,2016-07-12,,false,Referral,External
REQ0000073,CAND00000807,,2016-06-12,,,,,false,Job Board,External
REQ0000073,CAND00000808,,2016-06-05,,,,,false,Job Board,External
REQ0000073,CAND00000809,,2016-06-23,,,,,false,Career Site,External
REQ0000073,CAND00000810,,2016-07-08,2016-07-13,2016-07-14,,,false,Referral,External
REQ0000073,CAND00000811,,2016-07-04,2016-07-12,2016-07-21,,,false,Job Board,External
REQ0000073,CAND00000812,,2016-05-31,2016-06-05,,,,false,Job Board,External
REQ0000073,CAND00000813,,2016-05-29,,,,,false,Referral,External
REQ0000073,CAND00000814,,2016-05-30,,,,,false,Internal Mobility,Internal
REQ0000073,CAND00000815,,2016-06-03,2016-06-04,,,,false,Job Board,External
REQ0000073,CAND00000816,,2016-06-02,2016-06-03,,,,false,Referral,External
REQ0000073,CAND00000817,,2016-07-08,,,,,false,Job Board,External
REQ0000073,CAND00000818,,2016-06-03,,,,,false,Referral,External
REQ0000073,CAND00000819,,2016-06-04,,,,,false,Referral,External
REQ0000073,CAND00000820,,2016-05-31,2016-06-11,,,,false,Career Site,External
REQ0000074,CAND00000821,447,2016-05-04,2016-05-09,2016-05-26,2016-05-30,2016-07-08,true,Internal Mobility,Internal
REQ0000074,CAND00000822,,2016-04-25,,,,,false,Career Site,External
REQ0000074,CAND00000823,,2016-04-27,,,,,false,Referral,External
REQ0000074,CAND00000824,,2016-05-17,2016-06-05,2016-06-15,2016-06-24,,false,Agency,External
REQ0000074,CAND00000825,,2016-05-13,2016-05-27,2016-05-29,,,false,Job Board,External
REQ0000074,CAND00000826,,2016-05-03,,,,,false,Job Board,External
REQ0000074,CAND00000827,,2016-05-22,,,,,false,Referral,External
REQ0000074,CAND00000828,,2016-05-18,,,,,false,Job Board,External
REQ0000074,CAND00000829,,2016-05-15,,,,,false,Career Site,External
REQ0000074,CAND00000830,,2016-05-07,2016-06-01,2016-06-08,,,false,Referral,External
REQ0000074,CAND00000831,,2016-05-01,,,,,false,Career Site,External
REQ0000074,CAND00000832,,2016-05-06,2016-05-20,,,,false,Job Board,External
REQ0000074,CAND00000833,,2016-05-09,2016-06-02,2016-06-12,,,false,Agency,External
REQ0000074,CAND00000834,,2016-04-17,,,,,false,Referral,External
REQ0000074,CAND00000835,,2016-05-14,2016-06-05,,,,false,Agency,External
REQ0000074,CAND00000836,,2016-04-28,2016-05-06,,,,false,Job Board,External
REQ0000074,CAND00000837,,2016-05-17,,,,,false,Agency,External
REQ0000074,CAND00000838,,2016-05-05,,,,,false,Internal Mobility,Internal
REQ0000074,CAND00000839,,2016-05-13,,,,,false,LinkedIn,External
REQ0000074,CAND00000840,,2016-05-02,,,,,false,Job Board,External
REQ0000074,CAND00000841,,2016-05-08,2016-05-31,2016-06-15,2016-06-24,,false,Job Board,External
REQ0000074,CAND00000842,,2016-05-11,,,,,false,LinkedIn,External
REQ0000074,CAND00000843,,2016-05-08,,,,,false,Job Board,External
REQ0000074,CAND00000844,,2016-05-20,2016-06-04,,,,false,Referral,External
REQ0000074,CAND00000845,,2016-05-09,,,,,false,Agency,External
REQ0000075,CAND00000846,448,2016-05-21,2016-06-04,2016-06-13,2016-06-23,2016-07-12,true,Career Site,External
REQ0000075,CAND00000847,,2016-05-29,,,,,false,Job Board,External
REQ0000075,CAND00000848,,2016-05-25,2016-05-30,,,,false,Career Site,External
REQ0000075,CAND00000849,,2016-05-08,,,,,false,Internal Mobility,Internal
REQ0000075,CAND00000850,,2016-05-19,,,,,false,Job Board,External
REQ0000075,CAND00000851,,2016-05-09,,,,,false,Job Board,External
REQ0000075,CAND00000852,,2016-05-22,,,,,false,Job Board,External
REQ0000075,CAND00000853,,2016-05-19,,,,,false,Job Board,External
REQ0000075,CAND00000854,,2016-05-24,2016-05-29,,,,false,Job Board,External
REQ0000075,CAND00000855,,2016-06-06,2016-06-19,2016-06-25,,,false,Internal Mobility,Internal
REQ0000075,CAND00000856,,2016-05-05,2016-05-19,,,,false,Walk-in,External
REQ0000076,CAND00000857,449,2016-06-19,2016-06-22,2016-06-24,2016-07-02,2016-07-05,true,LinkedIn,External
REQ0000076,CAND00000858,,2016-07-05,2016-07-14,,,,false,Career Site,External
REQ0000076,CAND00000859,,2016-06-15,,,,,false,LinkedIn,External
REQ0000076,CAND00000860,,2016-06-25,2016-07-08,2016-07-10,,,false,Job Board,External
REQ0000076,CAND00000861,,2016-06-15,2016-06-23,,,,false,Internal Mobility,Internal
REQ0000076,CAND00000862,,2016-06-30,,,,,false,LinkedIn,External
REQ0000076,CAND00000863,,2016-06-20,2016-06-22,,,,false,Job Board,External
REQ0000076,CAND00000864,,2016-07-05,,,,,false,LinkedIn,External
REQ0000076,CAND00000865,,2016-06-19,,,,,false,LinkedIn,External
REQ0000076,CAND00000866,,2016-07-09,2016-07-10,2016-07-14,,,false,Career Site,External
REQ0000077,CAND00000867,,2016-06-28,2016-07-06,2016-07-13,,,false,Internal Mobility,Internal
REQ0000077,CAND00000868,,2016-05-26,2016-05-31,,,,false,Job Board,External
REQ0000077,CAND00000869,,2016-06-24,2016-06-30,2016-07-03,,,false,Walk-in,External
REQ0000077,CAND00000870,,2016-06-29,,,,,false,Job Board,External
REQ0000077,CAND00000871,,2016-06-21,2016-06-25,,,,false,Agency,External
REQ0000077,CAND00000872,,2016-06-04,,,,,false,Referral,External
REQ0000077,CAND00000873,,2016-06-22,,,,,false,LinkedIn,External
REQ0000077,CAND00000874,,2016-05-30,,,,,false,Walk-in,External
REQ0000077,CAND00000875,,2016-06-11,2016-06-13,2016-06-23,2016-06-25,,false,Career Site,External
REQ0000077,CAND00000876,,2016-06-06,,,,,false,Referral,External
REQ0000077,CAND00000877,,2016-06-25,,,,,false,Agency,External
REQ0000077,CAND00000878,,2016-06-11,,,,,false,Job Board,External
REQ0000077,CAND00000879,,2016-05-22,,,,,false,Agency,External
REQ0000077,CAND00000880,,2016-05-23,,,,,false,Job Board,External
REQ0000077,CAND00000881,,2016-06-23,,,,,false,Referral,External
REQ0000077,CAND00000882,,2016-05-25,2016-05-31,2016-06-02,,,false,Referral,External
REQ0000077,CAND00000883,,2016-06-24,,,,,false,Career Site,External
REQ0000077,CAND00000884,,2016-06-02,,,,,false,Job Board,External
REQ0000077,CAND00000885,,2016-05-27,,,,,false,Internal Mobility,Internal
REQ0000077,CAND00000886,,2016-06-01,,,,,false,Job Board,External
REQ0000077,CAND00000887,,2016-06-20,2016-07-02,2016-07-12,2016-07-14,,false,Internal Mobility,Internal
REQ0000077,CAND00000888,,2016-06-05,,,,,false,Job Board,External
REQ0000078,CAND00000889,450,2016-07-15,2016-07-17,2016-07-25,2016-07-28,2016-08-09,true,Referral,External
REQ0000078,CAND00000890,,2016-07-20,,,,,false,Job Board,External
REQ0000078,CAND00000891,,2016-07-19,2016-07-31,,,,false,LinkedIn,External
REQ0000078,CAND00000892,,2016-07-14,2016-07-21,2016-08-01,2016-08-02,,false,Career Site,External
REQ0000079,CAND00000893,451,2016-07-08,2016-07-22,2016-07-24,2016-07-25,2016-08-01,true,Job Board,External
REQ0000079,CAND00000894,,2016-07-25,2016-07-26,2016-08-01,,,false,Job Board,External
REQ0000079,CAND00000895,,2016-07-07,,,,,false,LinkedIn,External
REQ0000079,CAND00000896,,2016-07-24,,,,,false,Job Board,External
REQ0000079,CAND00000897,,2016-07-23,,,,,false,Career Site,External
REQ0000080,CAND00000898,452,2016-07-29,2016-07-31,2016-08-01,2016-08-09,2016-08-13,true,Agency,External
REQ0000080,CAND00000899,,2016-07-20,2016-07-28,2016-08-06,,,false,Referral,External
REQ0000080,CAND00000900,,2016-08-02,,,,,false,Job Board,External
REQ0000080,CAND00000901,,2016-07-24,,,,,false,Career Site,External
REQ0000080,CAND00000902,,2016-07-20,,,,,false,Referral,External
REQ0000080,CAND00000903,,2016-08-11,,,,,false,Job Board,External
REQ0000080,CAND00000904,,2016-08-16,,,,,false,Internal Mobility,Internal
REQ0000080,CAND00000905,,2016-07-17,,,,,false,LinkedIn,External
REQ0000080,CAND00000906,,2016-07-27,,,,,false,Job Board,External
REQ0000080,CAND00000907,,2016-08-02,2016-08-10,,,,false,Career Site,External
REQ0000081,CAND00000908,453,2016-06-25,2016-07-03,2016-07-14,2016-07-15,2016-08-12,true,Referral,External
REQ0000081,CAND00000909,,2016-07-08,,,,,false,Job Board,External
REQ0000081,CAND00000910,,2016-07-11,,,,,false,Referral,External
REQ0000081,CAND00000911,,2016-07-14,,,,,false,Career Site,External
REQ0000081,CAND00000912,,2016-07-10,2016-07-13,,,,false,Job Board,External
REQ0000081,CAND00000913,,2016-06-20,2016-07-09,2016-07-27,2016-08-05,,false,Walk-in,External
REQ0000081,CAND00000914,,2016-06-16,,,,,false,LinkedIn,External
REQ0000081,CAND00000915,,2016-07-11,2016-07-12,,,,false,Job Board,External
REQ0000081,CAND00000916,,2016-06-17,,,,,false,Job Board,External
REQ0000082,CAND00000917,454,2016-07-11,2016-07-17,2016-07-18,2016-07-20,2016-08-04,true,LinkedIn,External
REQ0000082,CAND00000918,,2016-07-20,,,,,false,LinkedIn,External
REQ0000082,CAND00000919,,2016-06-27,,,,,false,Agency,External
REQ0000082,CAND00000920,,2016-07-16,,,,,false,Referral,External
REQ0000082,CAND00000921,,2016-06-30,2016-07-10,2016-07-19,,,false,Agency,External
REQ0000083,CAND00000922,455,2016-08-03,2016-08-04,2016-08-10,2016-08-11,2016-08-13,true,Career Site,External
REQ0000083,CAND00000923,,2016-07-18,,,,,false,Agency,External
REQ0000083,CAND00000924,,2016-08-17,,,,,false,Referral,External
REQ0000083,CAND00000925,,2016-08-22,,,,,false,Internal Mobility,Internal
REQ0000083,CAND00000926,,2016-08-16,,,,,false,Job Board,External
REQ0000083,CAND00000927,,2016-07-23,,,,,false,Job Board,External
REQ0000083,CAND00000928,,2016-08-22,2016-08-24,,,,false,Referral,External
REQ0000083,CAND00000929,,2016-07-19,,,,,false,Job Board,External
REQ0000084,CAND00000930,456,2016-06-18,2016-06-27,2016-07-03,2016-07-11,2016-08-02,true,LinkedIn,External
REQ0000084,CAND00000931,,2016-06-02,,,,,false,LinkedIn,External
REQ0000084,CAND00000932,,2016-06-25,,,,,false,Internal Mobility,Internal
REQ0000084,CAND00000933,,2016-06-17,2016-06-25,,,,false,Job Board,External
REQ0000084,CAND00000934,,2016-06-16,2016-06-28,2016-07-06,,,false,LinkedIn,External
REQ0000084,CAND00000935,,2016-06-18,2016-06-30,2016-07-08,,,false,Career Site,External
REQ0000084,CAND00000936,,2016-06-09,2016-06-16,,,,false,Internal Mobility,Internal
REQ0000084,CAND00000937,,2016-06-17,,,,,false,Career Site,External
REQ0000084,CAND00000938,,2016-06-22,,,,,false,Career Site,External
REQ0000084,CAND00000939,,2016-06-01,2016-06-11,,,,false,Internal Mobility,Internal
REQ0000084,CAND00000940,,2016-07-05,2016-07-18,,,,false,Walk-in,External
REQ0000084,CAND00000941,,2016-07-04,2016-07-16,,,,false,Internal Mobility,Internal
REQ0000084,CAND00000942,,2016-06-14,,,,,false,Internal Mobility,Internal
REQ0000084,CAND00000943,,2016-06-27,2016-07-09,,,,false,LinkedIn,External
REQ0000084,CAND00000944,,2016-07-04,,,,,false,Referral,External
REQ0000084,CAND00000945,,2016-06-09,2016-06-12,2016-06-14,2016-06-20,,false,LinkedIn,External
REQ0000084,CAND00000946,,2016-06-15,,,,,false,Referral,External
REQ0000084,CAND00000947,,2016-06-01,,,,,false,Job Board,External
REQ0000084,CAND00000948,,2016-06-13,2016-06-21,,,,false,Career Site,External
REQ0000084,CAND00000949,,2016-06-09,,,,,false,Internal Mobility,Internal
REQ0000084,CAND00000950,,2016-07-01,2016-07-11,,,,false,Referral,External
REQ0000085,CAND00000951,457,2016-06-15,2016-06-16,2016-07-01,2016-07-17,2016-08-11,true,Job Board,External
REQ0000085,CAND00000952,,2016-06-29,2016-07-23,2016-08-07,,,false,Referral,External
REQ0000085,CAND00000953,,2016-06-27,,,,,false,Job Board,External
REQ0000085,CAND00000954,,2016-06-27,,,,,false,Referral,External
REQ0000085,CAND00000955,,2016-05-29,2016-06-05,2016-06-25,,,false,Job Board,External
REQ0000085,CAND00000956,,2016-06-28,2016-07-10,2016-07-30,,,false,LinkedIn,External
REQ0000085,CAND00000957,,2016-06-29,,,,,false,Referral,External
REQ0000085,CAND00000958,,2016-06-30,2016-07-19,2016-07-30,,,false,LinkedIn,External
REQ0000085,CAND00000959,,2016-06-07,,,,,false,Agency,External
REQ0000085,CAND00000960,,2016-06-21,,,,,false,Job Board,External
REQ0000085,CAND00000961,,2016-06-09,,,,,false,Job Board,External
REQ0000085,CAND00000962,,2016-06-20,2016-07-04,,,,false,Walk-in,External
REQ0000086,CAND00000963,458,2016-07-11,2016-07-20,2016-07-22,2016-08-01,2016-08-11,true,Referral,External
REQ0000086,CAND00000964,,2016-07-28,,,,,false,Job Board,External
REQ0000086,CAND00000965,,2016-07-08,,,,,false,Walk-in,External
REQ0000086,CAND00000966,,2016-07-12,,,,,false,Job Board,External
REQ0000086,CAND00000967,,2016-06-23,,,,,false,Career Site,External
REQ0000086,CAND00000968,,2016-07-20,,,,,false,LinkedIn,External
REQ0000086,CAND00000969,,2016-07-28,,,,,false,Career Site,External
REQ0000087,CAND00000970,459,2016-06-14,2016-06-26,2016-07-09,2016-07-20,2016-08-04,true,LinkedIn,External
REQ0000087,CAND00000971,,2016-06-11,,,,,false,Job Board,External
REQ0000087,CAND00000972,,2016-05-25,,,,,false,Job Board,External
REQ0000087,CAND00000973,,2016-06-18,,,,,false,Job Board,External
REQ0000087,CAND00000974,,2016-06-13,,,,,false,Referral,External
REQ0000087,CAND00000975,,2016-06-30,,,,,false,Career Site,External
REQ0000087,CAND00000976,,2016-06-01,,,,,false,Career Site,External
REQ0000087,CAND00000977,,2016-05-29,2016-06-20,2016-06-29,,,false,Career Site,External
REQ0000087,CAND00000978,,2016-05-30,,,,,false,Referral,External
REQ0000087,CAND00000979,,2016-06-14,2016-07-08,2016-07-11,,,false,LinkedIn,External
REQ0000087,CAND00000980,,2016-06-18,2016-07-08,,,,false,Career Site,External
REQ0000087,CAND00000981,,2016-05-30,,,,,false,Referral,External
REQ0000087,CAND00000982,,2016-06-05,2016-06-20,,,,false,Referral,External
REQ0000087,CAND00000983,,2016-06-20,2016-06-28,2016-07-18,,,false,Job Board,External
REQ0000088,CAND00000984,460,2016-07-23,2016-07-24,2016-07-31,2016-08-02,2016-08-14,true,Agency,External
REQ0000088,CAND00000985,,2016-08-01,,,,,false,Career Site,External
REQ0000088,CAND00000986,,2016-07-14,,,,,false,Career Site,External
REQ0000088,CAND00000987,,2016-07-21,,,,,false,Job Board,External
REQ0000088,CAND00000988,,2016-07-13,,,,,false,Job Board,External
REQ0000088,CAND00000989,,2016-07-26,,,,,false,Walk-in,External
REQ0000088,CAND00000990,,2016-07-24,,,,,false,Career Site,External
REQ0000088,CAND00000991,,2016-07-23,,,,,false,Job Board,External
REQ0000088,CAND00000992,,2016-07-24,,,,,false,Internal Mobility,Internal
REQ0000088,CAND00000993,,2016-08-06,,,,,false,Referral,External
REQ0000088,CAND00000994,,2016-07-08,2016-07-13,,,,false,Job Board,External
REQ0000088,CAND00000995,,2016-07-11,2016-07-17,2016-07-19,,,false,LinkedIn,External
REQ0000088,CAND00000996,,2016-08-06,,,,,false,LinkedIn,External
REQ0000088,CAND00000997,,2016-07-28,,,,,false,Job Board,External
REQ0000089,CAND00000998,461,2016-05-24,2016-06-14,2016-07-02,2016-07-09,2016-08-08,true,Job Board,External
REQ0000089,CAND00000999,,2016-05-23,2016-06-07,,,,false,Internal Mobility,Internal
REQ0000089,CAND00001000,,2016-05-31,2016-06-23,,,,false,Career Site,External
