employee_id,effective_date,base_salary,currency,change_reason,job_level,country,department,band_mid
1,2009-05-01,1865.59,BRL,Hire,IC1,BR,Regional Operations,2024.0
2,2014-02-01,3423.31,BRL,Hire,IC3,BR,Distribution Centers,3663.0
3,2012-09-01,2177.77,BRL,Hire,IC1,BR,Distribution Centers,1980.0
4,2013-11-01,2173.62,BRL,Hire,IC2,BR,Customer Service,2613.6
5,2015-05-01,2250.05,BRL,Hire,IC2,BR,Regional Operations,2732.4
6,2014-06-01,4173.38,BRL,Hire,IC3,BR,Product,4558.4
7,2015-08-01,3121.88,BRL,Hire,IC2,BR,Sales,2970.0
8,2015-11-01,5479.47,BRL,Hire,M2,BR,Digital Marketing,6600.0
9,2009-07-01,3520.79,BRL,Hire,IC3,BR,Planning,4070.0
10,2015-04-01,8459.32,BRL,Hire,M3,BR,Procurement,9240.0
11,2014-02-01,2728.69,BRL,Hire,IC2,BR,Visual Merchandising,3118.5
12,2010-01-01,3138.1,BRL,Hire,IC2,BR,Regional Operations,2970.0
13,2013-01-01,1985.89,BRL,Hire,IC1,BR,Sales,2200.0
14,2015-06-01,8567.57,BRL,Hire,M3,BR,Visual Merchandising,8500.8
15,2016-01-01,2662.48,BRL,Hire,IC1,BR,Sales,2200.0
16,2014-10-01,1647.4,BRL,Hire,IC1,BR,Customer Experience,1936.0
17,2015-04-01,2139.28,BRL,Hire,IC1,BR,Sales,2200.0
18,2014-05-01,2601.75,BRL,Hire,IC2,BR,Regional Operations,2970.0
19,2015-01-01,3090.97,BRL,Hire,IC2,BR,Logistics,2970.0
20,2011-11-01,2138.53,BRL,Hire,IC1,BR,Distribution Centers,1980.0
21,2011-06-01,2269.41,BRL,Hire,IC2,BR,Store Operations,2732.4
22,2013-06-01,2201.63,BRL,Hire,IC1,BR,Legal,2200.0
23,2006-02-01,2454.46,BRL,Hire,IC1,BR,Sales,2200.0
24,2010-12-01,2909.65,BRL,Hire,IC2,BR,Sales,2970.0
25,2015-02-01,2446.87,BRL,Hire,IC1,BR,Visual Merchandising,2024.0
26,2006-04-01,2967.67,BRL,Hire,IC2,BR,Sales,2970.0
27,2014-11-01,3664.38,BRL,Hire,IC3,BR,Finance,4070.0
28,2008-03-01,1704.82,BRL,Hire,IC1,BR,Finance,2200.0
29,2013-07-01,5543.34,BRL,Hire,IC4,BR,Strategy,5610.0
30,2013-09-01,1476.26,BRL,Hire,IC1,BR,Customer Operations,1936.0
31,2012-05-01,3120.3,BRL,Hire,IC2,BR,Regional Operations,2732.4
32,2014-05-01,2783.77,BRL,Hire,IC2,BR,Visual Merchandising,2732.4
33,2015-06-01,2248.9,BRL,Hire,IC1,BR,Sales,2200.0
34,2007-02-01,4237.79,BRL,Hire,IC3,BR,Regional Operations,4070.0
35,2013-05-01,2978.41,BRL,Hire,IC2,BR,Regional Operations,2732.4
36,2014-12-01,1425.6,BRL,Hire,IC1,BR,Distribution Centers,1980.0
37,2014-05-01,2295.91,BRL,Hire,IC1,BR,Visual Merchandising,2310.0
38,2014-09-01,3355.78,BRL,Hire,IC2,BR,Logistics,2970.0
39,2014-05-01,1867.81,BRL,Hire,IC1,BR,Customer Service,1936.0
40,2015-02-01,2267.35,BRL,Hire,IC1,BR,Customer Operations,2200.0
41,2014-08-01,2246.0,BRL,Hire,IC1,BR,Visual Merchandising,2024.0
42,2015-08-01,2953.86,BRL,Hire,IC2,BR,Sales,2970.0
43,2010-08-01,1872.55,BRL,Hire,IC1,BR,Distribution Centers,1980.0
44,2015-04-01,2411.41,BRL,Hire,IC1,BR,Regional Operations,2200.0
45,2015-01-01,5850.6,BRL,Hire,IC4,BR,Procurement,5610.0
46,2009-11-01,1894.44,BRL,Hire,IC1,BR,Procurement,2200.0
47,2001-08-01,2128.9,BRL,Hire,IC1,BR,Procurement,2200.0
48,2007-02-01,2329.24,BRL,Hire,IC2,BR,Distribution Centers,2673.0
49,1994-05-01,1724.55,BRL,Hire,IC1,BR,Procurement,2200.0
50,2013-04-01,2487.2,BRL,Hire,IC1,BR,Data & Analytics,2530.0
51,2016-01-01,1984.97,BRL,Hire,IC1,BR,Customer Service,1936.0
52,2014-10-01,1758.54,BRL,Hire,IC1,BR,Visual Merchandising,2024.0
53,2015-11-01,2813.19,BRL,Hire,IC2,BR,Customer Service,2613.6
54,2010-05-01,2399.75,BRL,Hire,IC1,BR,People,2200.0
55,2013-04-01,2954.65,BRL,Hire,IC2,BR,Legal,2970.0
56,2005-12-01,2034.94,BRL,Hire,IC1,BR,Regional Operations,2200.0
57,2011-08-01,1986.81,BRL,Hire,IC1,BR,People,2200.0
58,2015-09-01,2736.25,BRL,Hire,IC2,BR,Digital Marketing,2970.0
59,2004-12-01,2062.91,BRL,Hire,IC1,BR,Strategy,2200.0
60,2011-01-01,5440.89,BRL,Hire,IC4,BR,Marketing,5610.0
61,2012-03-01,3257.85,BRL,Hire,IC2,BR,Sales,2970.0
62,2015-12-01,19086.84,BRL,Hire,D1,BR,Procurement,20900.0
63,2015-08-01,1477.86,BRL,Hire,IC1,BR,Distribution Centers,1980.0
64,2007-12-01,1896.57,BRL,Hire,IC1,BR,Sales,2200.0
65,2013-02-01,5738.82,BRL,Hire,M2,BR,Sales,6600.0
66,2011-12-01,1781.28,BRL,Hire,IC1,BR,Store Operations,2024.0
67,2013-04-01,8664.51,BRL,Hire,IC5,BR,UX,7854.0
68,2013-06-01,1761.79,BRL,Hire,IC1,BR,Store Operations,2024.0
69,2015-04-01,2195.86,BRL,Hire,IC1,BR,Logistics,2200.0
70,2015-09-01,5559.2,BRL,Hire,M1,BR,Data,5566.0
71,2015-03-01,2725.75,BRL,Hire,IC2,BR,Visual Merchandising,3118.5
72,2015-07-01,2286.38,BRL,Hire,IC1,BR,Risk,2200.0
73,2015-04-01,2990.39,BRL,Hire,IC2,BR,Risk,2970.0
74,2016-01-01,2121.81,BRL,Hire,IC1,BR,Sales,2200.0
75,2015-04-01,2439.46,BRL,Hire,IC1,BR,Legal,2200.0
76,2015-09-01,2090.9,BRL,Hire,IC1,BR,People,2200.0
77,2015-10-01,2976.3,BRL,Hire,IC2,BR,Store Operations,2732.4
78,2014-02-01,2329.34,BRL,Hire,IC1,BR,Visual Merchandising,2310.0
79,2015-11-01,4969.44,BRL,Hire,M1,BR,Sales,4840.0
80,2013-03-01,2480.18,BRL,Hire,IC1,BR,Regional Operations,2200.0
81,2015-12-01,5350.73,BRL,Hire,IC3,BR,Product,4558.4
82,2013-03-01,6360.88,BRL,Hire,IC4,BR,Procurement,5610.0
83,2011-02-01,1713.7,BRL,Hire,IC1,BR,Customer Service,1936.0
84,2014-12-01,2322.42,BRL,Hire,IC1,BR,Procurement,2200.0
85,2013-10-01,1692.74,BRL,Hire,IC1,BR,Regional Operations,2024.0
86,2014-05-01,7693.76,BRL,Hire,IC4,BR,Engineering,6619.8
87,2014-08-01,2374.02,BRL,Hire,IC1,BR,Customer Experience,2310.0
88,2015-04-01,2974.39,BRL,Hire,IC2,BR,Procurement,2970.0
89,2014-01-01,2907.25,BRL,Hire,IC2,BR,Finance,2970.0
90,2011-08-01,3494.67,BRL,Hire,IC2,BR,Customer Experience,3118.5
91,2013-02-01,2056.98,BRL,Hire,IC1,BR,Store Operations,2024.0
92,2014-07-01,7150.87,BRL,Hire,IC4,BR,Data & Analytics,6451.5
93,2015-09-01,2133.23,BRL,Hire,IC1,BR,Customer Service,1936.0
94,2016-01-01,1843.3,BRL,Hire,IC1,BR,Store Operations,2024.0
95,2011-09-01,1910.74,BRL,Hire,IC1,BR,Regional Operations,2024.0
96,2013-08-01,2611.43,BRL,Hire,IC1,BR,Visual Merchandising,2310.0
97,2013-12-01,2569.54,BRL,Hire,IC1,BR,Engineering,2596.0
98,2014-04-01,3875.43,BRL,Hire,M1,BR,Regional Operations,4452.8
99,2015-09-01,4102.26,BRL,Hire,M1,BR,Store Operations,4452.8
100,2011-09-01,2672.1,BRL,Hire,IC2,BR,Finance,2970.0
101,2012-10-01,2468.39,BRL,Hire,IC1,BR,Finance,2200.0
102,2014-04-01,2330.88,BRL,Hire,IC1,BR,Customer Experience,2310.0
103,2015-10-01,2038.85,BRL,Hire,IC1,BR,Customer Operations,2200.0
104,2015-01-01,2123.08,BRL,Hire,IC1,BR,Regional Operations,2200.0
105,2007-10-01,1916.57,BRL,Hire,IC1,BR,Finance,2200.0
106,2015-01-01,3633.42,BRL,Hire,IC2,BR,E-commerce,3326.4
107,2015-11-01,2194.0,BRL,Hire,IC1,BR,Sales,2200.0
108,2015-04-01,3148.24,BRL,Hire,IC2,BR,Visual Merchandising,3118.5
109,2012-06-01,1734.53,BRL,Hire,IC1,BR,Distribution Centers,1980.0
110,2016-01-01,2388.9,BRL,Hire,IC1,BR,Sales,2200.0
111,2013-09-01,2650.34,BRL,Hire,IC2,BR,Regional Operations,2732.4
112,2014-03-01,2495.13,BRL,Hire,IC2,BR,Visual Merchandising,3118.5
113,2011-10-01,3207.54,BRL,Hire,IC2,BR,People,2970.0
114,2013-03-01,1458.95,BRL,Hire,IC1,BR,Customer Service,1936.0
115,2010-11-01,3895.38,BRL,Hire,IC2,BR,UX,3118.5
116,2011-09-01,2880.09,BRL,Hire,IC2,BR,Product,3326.4
117,1995-03-01,3119.15,BRL,Hire,IC2,BR,Risk,2970.0
118,2010-03-01,3557.52,BRL,Hire,IC2,BR,Product,3326.4
119,2015-10-01,4241.23,BRL,Hire,IC3,BR,Legal,4070.0
120,2011-02-01,4656.23,BRL,Hire,IC3,BR,Data,4680.5
121,2012-08-01,9486.52,BRL,Hire,M3,BR,E-commerce,10348.8
122,2014-10-01,2212.27,BRL,Hire,IC1,BR,Regional Operations,2200.0
123,2016-01-01,1646.26,BRL,Hire,IC1,BR,Customer Service,1936.0
124,2015-04-01,2133.9,BRL,Hire,IC1,BR,Marketing,2200.0
125,2014-03-01,3167.39,BRL,Hire,IC2,BR,Planning,3415.5
126,2015-05-01,1963.03,BRL,Hire,IC1,BR,Logistics,2200.0
127,2014-05-01,2500.22,BRL,Hire,IC2,BR,Store Operations,2732.4
128,1997-08-01,2529.8,BRL,Hire,IC1,BR,Sales,2200.0
129,2015-12-01,4747.56,BRL,Hire,M1,BR,E-commerce,5420.8
130,2014-12-01,1685.94,BRL,Hire,IC1,BR,Customer Experience,2310.0
131,2015-07-01,2047.75,BRL,Hire,IC1,BR,Store Operations,2024.0
132,2013-06-01,1965.76,BRL,Hire,IC1,BR,Customer Operations,2200.0
133,2009-09-01,2638.52,BRL,Hire,IC1,BR,Customer Experience,2310.0
134,2014-05-01,2593.22,BRL,Hire,IC1,BR,Customer Service,1936.0
135,2015-07-01,3237.42,BRL,Hire,IC2,BR,Data,3415.5
136,2014-05-01,2936.72,BRL,Hire,IC3,BR,Store Operations,3744.4
137,2011-12-01,2024.64,BRL,Hire,IC1,BR,Procurement,2200.0
138,2015-03-01,4410.47,BRL,Hire,IC3,BR,Procurement,4070.0
139,2013-06-01,2763.45,BRL,Hire,IC2,BR,Sales,2970.0
140,2012-05-01,5124.54,BRL,Hire,M1,BR,Visual Merchandising,4452.8
141,2014-06-01,4603.46,BRL,Hire,M1,BR,Sales,4840.0
142,2014-03-01,2614.78,BRL,Hire,IC2,BR,Visual Merchandising,3118.5
143,2015-06-01,2399.27,BRL,Hire,IC1,BR,Procurement,2200.0
144,2014-03-01,3921.6,BRL,Hire,IC3,BR,Sales,4070.0
145,2003-10-01,2471.65,BRL,Hire,IC1,BR,Visual Merchandising,2310.0
146,2015-11-01,2685.36,BRL,Hire,IC2,BR,Regional Operations,2970.0
147,2015-08-01,3051.52,BRL,Hire,IC2,BR,Legal,2970.0
148,2014-12-01,2789.58,BRL,Hire,IC1,BR,Planning,2530.0
149,2013-03-01,1952.69,BRL,Hire,IC1,BR,Distribution Centers,1980.0
150,2012-01-01,1918.91,BRL,Hire,IC1,BR,Customer Service,1936.0
151,2015-06-01,1837.49,BRL,Hire,IC1,BR,Store Operations,2024.0
152,2012-04-01,2245.32,BRL,Hire,IC2,BR,UX,3118.5
153,2015-07-01,6769.37,BRL,Hire,IC4,BR,Data,6451.5
154,2015-09-01,1896.87,BRL,Hire,IC1,BR,Customer Service,1936.0
155,2013-09-01,2436.96,BRL,Hire,IC2,BR,Legal,2970.0
156,2013-10-01,3223.53,BRL,Hire,IC2,BR,People,2970.0
157,2014-10-01,2328.23,BRL,Hire,IC1,BR,Sales,2200.0
158,2015-07-01,2416.82,BRL,Hire,IC1,BR,Procurement,2200.0
159,2011-05-01,1729.18,BRL,Hire,IC1,BR,Visual Merchandising,2310.0
160,2007-03-01,2482.38,BRL,Hire,IC2,BR,Sales,2970.0
161,2015-12-01,2966.6,BRL,Hire,IC2,BR,Sales,2970.0
162,2014-10-01,4811.96,BRL,Hire,IC4,BR,Strategy,5610.0
163,2013-03-01,2093.77,BRL,Hire,IC1,BR,Customer Operations,2200.0
164,2013-11-01,3086.05,BRL,Hire,IC1,BR,Product,2464.0
165,2012-11-01,3000.71,BRL,Hire,IC2,BR,Customer Operations,2970.0
166,2016-01-01,3223.93,BRL,Hire,IC2,BR,Procurement,2970.0
167,2015-07-01,2163.01,BRL,Hire,IC1,BR,Risk,2200.0
168,2008-05-01,7502.17,BRL,Hire,IC5,BR,Digital Marketing,7480.0
169,2015-10-01,1952.98,BRL,Hire,IC1,BR,Visual Merchandising,2310.0
170,2015-07-01,2571.18,BRL,Hire,IC2,BR,Visual Merchandising,2732.4
171,2016-01-01,4754.41,BRL,Hire,IC4,BR,Customer Service,4936.8
172,2009-10-01,2839.18,BRL,Hire,IC2,BR,Digital Marketing,2970.0
173,2010-10-01,2004.57,BRL,Hire,IC1,BR,Visual Merchandising,2024.0
174,2012-10-01,2583.49,BRL,Hire,IC2,BR,Regional Operations,2732.4
175,2012-07-01,2994.99,BRL,Hire,IC2,BR,Procurement,2970.0
176,2010-11-01,1900.56,BRL,Hire,IC1,BR,Customer Experience,1936.0
177,2015-08-01,8785.38,BRL,Hire,IC5,BR,UX,7854.0
178,2014-08-01,4910.93,BRL,Hire,IC4,BR,UX,5890.5
179,2012-10-01,2259.19,BRL,Hire,IC1,BR,Planning,2530.0
180,2011-09-01,2007.91,BRL,Hire,IC1,BR,Sales,2200.0
181,2016-01-01,5166.3,BRL,Hire,M1,BR,Visual Merchandising,4452.8
182,2012-07-01,1845.28,BRL,Hire,IC1,BR,Store Operations,2024.0
183,2002-01-01,4434.2,BRL,Hire,IC3,BR,People,4070.0
184,2015-03-01,2738.55,BRL,Hire,IC2,BR,Store Operations,2732.4
185,2015-10-01,2948.49,BRL,Hire,IC1,BR,Visual Merchandising,2310.0
186,2015-01-01,2387.03,BRL,Hire,IC1,BR,Sales,2200.0
187,2003-10-01,6786.25,BRL,Hire,IC5,BR,Procurement,7480.0
188,2015-02-01,2030.56,BRL,Hire,IC1,BR,Logistics,2200.0
189,2009-05-01,2915.41,BRL,Hire,IC2,BR,Store Operations,2732.4
190,2015-12-01,3222.04,BRL,Hire,IC2,BR,Store Operations,2732.4
191,2012-07-01,1856.56,BRL,Hire,IC1,BR,Sales,2200.0
192,2010-05-01,9005.43,BRL,Hire,IC5,BR,Product,8377.6
193,2012-07-01,4273.7,BRL,Hire,M1,BR,Strategy,4840.0
194,2011-03-01,4012.31,BRL,Hire,M1,BR,Customer Experience,4259.2
195,2014-12-01,2501.46,BRL,Hire,IC1,BR,Visual Merchandising,2310.0
196,2015-03-01,8773.33,BRL,Hire,IC5,BR,Legal,7480.0
197,2014-12-01,5062.66,BRL,Hire,IC3,BR,Data,4680.5
198,2016-01-01,2120.52,BRL,Hire,IC1,BR,Regional Operations,2200.0
199,2003-09-01,3147.76,BRL,Hire,IC2,BR,E-commerce,3504.6
200,2005-04-01,2830.09,BRL,Hire,IC2,BR,People,2970.0
201,2009-03-01,3531.01,BRL,Hire,IC2,BR,Sales,2970.0
202,2013-02-01,4673.9,BRL,Hire,IC3,BR,Data & Analytics,4680.5
203,2014-12-01,2667.15,BRL,Hire,IC1,BR,Visual Merchandising,2310.0
204,2015-02-01,2819.37,BRL,Hire,IC2,BR,Procurement,2970.0
205,2009-08-01,6019.45,BRL,Hire,IC4,BR,UX,5890.5
206,2015-11-01,2549.22,BRL,Hire,IC1,BR,Logistics,2200.0
207,2011-12-01,1519.53,BRL,Hire,IC1,BR,Visual Merchandising,2024.0
208,2014-02-01,4510.04,BRL,Hire,M1,BR,Regional Operations,4452.8
209,2015-09-01,2197.79,BRL,Hire,IC1,BR,Store Operations,2024.0
210,2015-09-01,5121.93,BRL,Hire,IC3,BR,Engineering,4802.6
211,2008-09-01,2062.03,BRL,Hire,IC1,BR,Regional Operations,2024.0
212,2014-12-01,14270.08,BRL,Hire,M4,BR,Visual Merchandising,13398.0
213,2015-06-01,1843.73,BRL,Hire,IC1,BR,Regional Operations,2200.0
214,2012-11-01,3916.45,BRL,Hire,IC2,BR,Engineering,3504.6
215,2014-11-01,3094.41,BRL,Hire,IC2,BR,Procurement,2970.0
216,2013-01-01,2545.88,BRL,Hire,IC1,BR,Customer Experience,2310.0
217,2009-09-01,1764.95,BRL,Hire,IC1,BR,Visual Merchandising,2024.0
218,2010-01-01,4681.03,BRL,Hire,IC4,BR,Strategy,5610.0
219,2014-12-01,4025.32,BRL,Hire,M1,BR,Store Operations,4452.8
220,2010-08-01,2089.27,BRL,Hire,IC1,BR,Regional Operations,2024.0
221,2015-05-01,2410.69,BRL,Hire,IC2,BR,Store Operations,2732.4
222,2015-09-01,2242.41,BRL,Hire,IC1,BR,Logistics,2200.0
223,2014-11-01,2088.37,BRL,Hire,IC2,BR,Visual Merchandising,2732.4
224,2010-12-01,2321.1,BRL,Hire,IC1,BR,Visual Merchandising,2024.0
225,2014-04-01,2465.04,BRL,Hire,IC1,BR,Customer Experience,2310.0
226,2013-08-01,2458.67,BRL,Hire,IC1,BR,Regional Operations,2024.0
227,2015-02-01,4077.61,BRL,Hire,IC3,BR,Data & Analytics,4680.5
228,2015-04-01,2328.65,BRL,Hire,IC1,BR,Visual Merchandising,2310.0
229,2011-11-01,2169.12,BRL,Hire,IC1,BR,Visual Merchandising,2024.0
230,2014-05-01,2420.99,BRL,Hire,IC1,BR,Sales,2200.0
231,2015-09-01,1971.55,BRL,Hire,IC1,BR,Customer Operations,1936.0
232,2009-04-01,2593.56,BRL,Hire,IC1,BR,Data & Analytics,2530.0
233,2015-04-01,4909.06,BRL,Hire,M1,BR,Visual Merchandising,5082.0
234,2015-11-01,3457.87,BRL,Hire,IC3,BR,Engineering,4802.6
235,2015-09-01,2181.76,BRL,Hire,IC1,BR,Visual Merchandising,2310.0
236,2014-10-01,2082.5,BRL,Hire,IC1,BR,Risk,2200.0
237,2013-09-01,2050.64,BRL,Hire,IC1,BR,Sales,2200.0
238,2015-12-01,3366.46,BRL,Hire,IC2,BR,Visual Merchandising,3118.5
239,2015-11-01,3080.48,BRL,Hire,IC2,BR,Regional Operations,2732.4
240,2009-10-01,1931.82,BRL,Hire,IC1,BR,Visual Merchandising,2310.0
241,2015-11-01,2214.24,BRL,Hire,IC1,BR,Customer Operations,1936.0
242,2014-12-01,2303.2,BRL,Hire,IC2,BR,Customer Service,2613.6
243,2010-09-01,4117.12,BRL,Hire,IC3,BR,Procurement,4070.0
244,2015-05-01,1852.33,BRL,Hire,IC1,BR,Digital Marketing,2200.0
245,2011-01-01,2183.94,BRL,Hire,IC1,BR,Customer Service,1936.0
246,1998-08-01,8114.76,BRL,Hire,M2,BR,Planning,7590.0
247,2012-06-01,2016.61,BRL,Hire,IC1,BR,Visual Merchandising,2024.0
248,2015-05-01,3128.11,BRL,Hire,IC2,BR,Risk,2970.0
249,2013-09-01,2445.47,BRL,Hire,IC1,BR,Sales,2200.0
250,2016-01-01,2144.23,BRL,Hire,IC1,BR,Sales,2200.0
251,2014-04-01,2497.9,BRL,Hire,IC2,BR,Regional Operations,2732.4
252,2015-07-01,4305.54,BRL,Hire,M1,BR,Customer Operations,4840.0
253,2015-07-01,2068.8,BRL,Hire,IC1,BR,Customer Service,1936.0
254,2011-02-01,4902.57,BRL,Hire,IC3,BR,Finance,4070.0
255,2015-05-01,2042.21,BRL,Hire,IC1,BR,Store Operations,2024.0
256,2015-10-01,2067.26,BRL,Hire,IC1,BR,Sales,2200.0
257,2011-12-01,5804.02,BRL,Hire,M1,BR,Planning,4840.0
258,2015-10-01,2150.02,BRL,Hire,IC1,BR,Store Operations,2024.0
259,2015-02-01,2518.42,BRL,Hire,IC1,BR,Logistics,2200.0
260,2014-02-01,4384.52,BRL,Hire,IC3,BR,Logistics,4070.0
261,2013-05-01,6595.65,BRL,Hire,M2,BR,Risk,6600.0
262,2013-05-01,1881.15,BRL,Hire,IC1,BR,Store Operations,2024.0
263,2014-12-01,2079.89,BRL,Hire,IC1,BR,Customer Operations,1936.0
264,2011-05-01,4992.72,BRL,Hire,M1,BR,Visual Merchandising,5082.0
265,2015-04-01,1637.38,BRL,Hire,IC1,BR,Visual Merchandising,2024.0
266,2015-11-01,2112.75,BRL,Hire,IC1,BR,Customer Operations,2200.0
267,2016-01-01,4311.23,BRL,Hire,M1,BR,Distribution Centers,4356.0
268,2011-09-01,2022.83,BRL,Hire,IC1,BR,Customer Service,1936.0
269,2015-03-01,1990.04,BRL,Hire,IC1,BR,Store Operations,2024.0
270,2013-02-01,2976.82,BRL,Hire,IC2,BR,Regional Operations,2970.0
271,2015-07-01,2259.1,BRL,Hire,IC1,BR,Planning,2200.0
272,2015-07-01,2529.43,BRL,Hire,IC1,BR,Visual Merchandising,2310.0
273,2011-08-01,4498.23,BRL,Hire,IC3,BR,Visual Merchandising,4273.5
274,2015-06-01,1708.88,BRL,Hire,IC1,BR,Regional Operations,2024.0
275,2015-06-01,2279.02,BRL,Hire,IC1,BR,Store Operations,2024.0
276,2015-01-01,3180.46,BRL,Hire,IC2,BR,Logistics,2970.0
277,2013-10-01,2759.45,BRL,Hire,IC2,BR,Logistics,2970.0
278,2015-07-01,4571.83,BRL,Hire,IC3,BR,People,4070.0
279,2009-03-01,2200.63,BRL,Hire,IC1,BR,Visual Merchandising,2310.0
280,2015-01-01,2625.81,BRL,Hire,IC2,BR,Store Operations,2732.4
281,2014-01-01,8298.73,BRL,Hire,M3,BR,E-commerce,10348.8
282,2015-05-01,2753.09,BRL,Hire,IC2,BR,Regional Operations,2732.4
283,2015-08-01,3597.87,BRL,Hire,IC2,BR,Engineering,3504.6
284,2015-12-01,2486.39,BRL,Hire,IC1,BR,Sales,2200.0
285,2013-07-01,2673.16,BRL,Hire,IC2,BR,Digital Marketing,2970.0
286,2012-09-01,3521.74,BRL,Hire,IC3,BR,Procurement,4070.0
287,2014-08-01,1707.83,BRL,Hire,IC1,BR,Store Operations,2024.0
288,2014-12-01,2920.91,BRL,Hire,IC2,BR,Customer Operations,2970.0
289,2011-09-01,2072.73,BRL,Hire,IC1,BR,Visual Merchandising,2024.0
290,2013-05-01,2389.03,BRL,Hire,IC1,BR,Sales,2200.0
291,2014-08-01,2138.84,BRL,Hire,IC1,BR,Customer Operations,2200.0
292,2014-09-01,4534.2,BRL,Hire,M1,BR,Sales,4840.0
293,2014-11-01,2266.67,BRL,Hire,IC1,BR,Store Operations,2024.0
294,2012-11-01,3637.01,BRL,Hire,IC3,BR,Visual Merchandising,4273.5
295,2010-06-01,4883.31,BRL,Hire,M1,BR,Procurement,4840.0
296,2009-07-01,2271.93,BRL,Hire,IC2,BR,Finance,2970.0
297,2015-11-01,5876.58,BRL,Hire,IC4,BR,Procurement,5610.0
298,2015-08-01,3182.22,BRL,Hire,IC3,BR,People,4070.0
299,2015-03-01,1907.15,BRL,Hire,IC1,BR,Visual Merchandising,2024.0
300,2015-04-01,2197.17,BRL,Hire,IC1,BR,Regional Operations,2200.0
301,2012-03-01,1505.94,BRL,Hire,IC1,BR,Customer Experience,1936.0
302,2008-03-01,2826.78,BRL,Hire,IC2,BR,Procurement,2970.0
303,2013-07-01,5641.62,BRL,Hire,M2,BR,Logistics,6600.0
304,2014-04-01,2790.45,BRL,Hire,IC2,BR,Procurement,2970.0
305,2015-10-01,4280.5,BRL,Hire,IC3,BR,Planning,4070.0
306,2014-08-01,1739.26,BRL,Hire,IC1,BR,Store Operations,2024.0
307,2014-11-01,7355.9,BRL,Hire,M2,BR,Legal,6600.0
308,2012-02-01,1934.94,BRL,Hire,IC1,BR,Store Operations,2024.0
309,2010-11-01,17787.5,BRL,Hire,M5,BR,Marketing,16500.0
310,2013-03-01,5824.59,BRL,Hire,M1,BR,E-commerce,5711.2
311,2015-03-01,2134.93,BRL,Hire,IC1,BR,Store Operations,2024.0
312,2003-05-01,2298.4,BRL,Hire,IC1,BR,Sales,2200.0
313,2013-01-01,2624.89,BRL,Hire,IC2,BR,Store Operations,2732.4
314,2012-09-01,8473.66,BRL,Hire,IC5,BR,Data,8602.0
315,2015-02-01,1942.52,BRL,Hire,IC1,BR,Distribution Centers,1980.0
316,2014-11-01,2508.33,BRL,Hire,IC2,BR,Store Operations,2732.4
317,2013-11-01,2103.2,BRL,Hire,IC1,BR,Regional Operations,2024.0
318,2010-11-01,2226.26,BRL,Hire,IC1,BR,Procurement,2200.0
319,2004-05-01,3734.49,BRL,Hire,IC3,BR,Procurement,4070.0
320,2014-10-01,2101.18,BRL,Hire,IC1,BR,Customer Experience,2310.0
321,2010-11-01,10569.23,BRL,Hire,M3,BR,Marketing,9240.0
322,2014-12-01,1897.37,BRL,Hire,IC1,BR,Logistics,2200.0
323,2013-11-01,1894.26,BRL,Hire,IC1,BR,Customer Operations,2200.0
324,2010-06-01,2432.96,BRL,Hire,IC2,BR,Finance,2970.0
325,2015-10-01,2216.42,BRL,Hire,IC1,BR,Regional Operations,2200.0
326,2012-06-01,2903.51,BRL,Hire,IC2,BR,Sales,2970.0
327,2006-05-01,4909.24,BRL,Hire,M1,BR,People,4840.0
328,2015-11-01,2348.97,BRL,Hire,IC1,BR,UX,2310.0
329,2012-08-01,2449.66,BRL,Hire,IC2,BR,Customer Experience,2613.6
330,2010-03-01,2381.75,BRL,Hire,IC1,BR,Logistics,2200.0
331,2015-09-01,2042.58,BRL,Hire,IC1,BR,Store Operations,2024.0
332,2015-09-01,1965.67,BRL,Hire,IC1,BR,Customer Service,1936.0
333,2005-09-01,2272.37,BRL,Hire,IC1,BR,Sales,2200.0
334,2014-06-01,2361.09,BRL,Hire,IC2,BR,Regional Operations,2970.0
335,2015-09-01,5247.8,BRL,Hire,M1,BR,Planning,5566.0
336,2014-06-01,628028.04,ARS,Hire,IC3,AR,Store Operations,680800.0
337,2015-04-01,332754.82,ARS,Hire,IC1,AR,Customer Service,352000.0
338,2013-05-01,475810.94,ARS,Hire,IC1,AR,Planning,460000.0
339,2015-12-01,684515.59,ARS,Hire,IC3,AR,Distribution Centers,666000.0
340,2014-10-01,452578.39,ARS,Hire,IC1,AR,Planning,460000.0
341,2014-09-01,733359.05,ARS,Hire,M1,AR,Sales,880000.0
342,2013-11-01,401986.75,ARS,Hire,IC1,AR,Sales,400000.0
343,2013-12-01,749840.53,ARS,Hire,M1,AR,Sales,880000.0
344,2015-09-01,611541.1,ARS,Hire,IC2,AR,Planning,621000.0
345,2012-06-01,395007.01,ARS,Hire,IC1,AR,Logistics,400000.0
346,2011-03-01,373913.43,ARS,Hire,IC1,AR,Sales,400000.0
347,2014-06-01,402055.21,ARS,Hire,IC1,AR,Customer Service,352000.0
348,2013-10-01,599686.79,ARS,Hire,IC2,AR,Logistics,540000.0
349,2012-10-01,429936.05,ARS,Hire,IC1,AR,Regional Operations,400000.0
350,2014-08-01,432439.64,ARS,Hire,IC1,AR,Planning,460000.0
351,2014-10-01,443138.83,ARS,Hire,IC2,AR,Regional Operations,496800.0
352,2013-09-01,736079.29,ARS,Hire,IC3,AR,Marketing,740000.0
353,2015-05-01,346175.33,ARS,Hire,IC1,AR,Store Operations,368000.0
354,2009-07-01,432832.21,ARS,Hire,IC1,AR,Store Operations,368000.0
355,2015-08-01,400465.96,ARS,Hire,IC2,AR,Planning,540000.0
356,2012-06-01,584075.67,ARS,Hire,IC2,AR,Logistics,540000.0
357,2012-12-01,516680.18,ARS,Hire,IC2,AR,Distribution Centers,486000.0
358,2015-10-01,444678.95,ARS,Hire,IC1,AR,Visual Merchandising,420000.0
359,2014-08-01,336130.33,ARS,Hire,IC1,AR,Store Operations,368000.0
360,2013-12-01,437457.68,ARS,Hire,IC1,AR,Sales,400000.0
361,2015-12-01,410659.63,ARS,Hire,IC1,AR,Regional Operations,400000.0
362,2014-02-01,520635.76,ARS,Hire,IC2,AR,Sales,540000.0
363,2014-09-01,643855.51,ARS,Hire,M1,AR,Visual Merchandising,809600.0
364,2015-05-01,546415.33,ARS,Hire,IC2,AR,Logistics,540000.0
365,2013-11-01,642004.67,ARS,Hire,IC3,AR,Visual Merchandising,680800.0
366,2011-03-01,411504.5,ARS,Hire,IC1,AR,Sales,400000.0
367,2016-01-01,342503.95,ARS,Hire,IC1,AR,Customer Service,352000.0
368,2013-07-01,424734.22,ARS,Hire,IC1,AR,Logistics,400000.0
369,2010-11-01,381967.09,ARS,Hire,IC1,AR,Store Operations,368000.0
370,2015-08-01,364652.09,ARS,Hire,IC1,AR,Regional Operations,400000.0
371,2011-08-01,326928.11,ARS,Hire,IC1,AR,Customer Operations,400000.0
372,2015-09-01,356835.04,ARS,Hire,IC1,AR,Sales,400000.0
373,2012-08-01,627143.99,ARS,Hire,IC2,AR,Planning,621000.0
374,2014-08-01,344240.3,ARS,Hire,IC1,AR,Distribution Centers,360000.0
375,2013-01-01,488016.4,ARS,Hire,IC2,AR,Store Operations,496800.0
376,2015-11-01,375115.95,ARS,Hire,IC1,AR,Sales,400000.0
377,2013-03-01,407085.75,ARS,Hire,IC1,AR,Regional Operations,400000.0
378,2013-01-01,405312.78,ARS,Hire,IC1,AR,Regional Operations,400000.0
379,2014-08-01,497588.99,ARS,Hire,IC2,AR,Sales,540000.0
380,2012-06-01,324113.75,ARS,Hire,IC1,AR,Store Operations,368000.0
381,2016-01-03,2345.34,BRL,Hire,IC1,BR,Visual Merchandising,2310.0
382,2016-01-11,333595.25,ARS,Hire,IC1,AR,Visual Merchandising,368000.0
383,2016-01-12,2077.09,BRL,Hire,IC1,BR,Sales,2200.0
384,2016-01-08,3617.37,BRL,Hire,IC2,BR,Data & Analytics,3415.5
385,2016-01-04,2632.88,BRL,Hire,IC2,BR,Store Operations,2732.4
386,2016-01-02,1938.59,BRL,Hire,IC1,BR,Visual Merchandising,2024.0
387,2016-01-01,1901.14,BRL,Hire,IC1,BR,Regional Operations,2200.0
388,2016-01-14,1940.88,BRL,Hire,IC1,BR,Store Operations,2024.0
389,2016-01-04,467708.76,ARS,Hire,IC2,AR,Regional Operations,540000.0
390,2016-01-06,1774.08,BRL,Hire,IC1,BR,Product,2464.0
391,2016-02-13,3005.6,BRL,Hire,IC2,BR,Customer Service,2613.6
392,2016-02-05,1895.11,BRL,Hire,IC1,BR,Store Operations,2024.0
393,2016-02-04,2037.91,BRL,Hire,IC1,BR,Regional Operations,2024.0
394,2016-02-05,1796.93,BRL,Hire,IC1,BR,Regional Operations,2024.0
395,2016-02-07,2740.3,BRL,Hire,IC2,BR,Regional Operations,2970.0
396,2016-02-06,442808.94,ARS,Hire,IC2,AR,Sales,540000.0
397,2016-02-07,2491.1,BRL,Hire,IC1,BR,Sales,2200.0
398,2016-02-04,2524.74,BRL,Hire,IC2,BR,Data & Analytics,3415.5
399,2016-02-14,3637.01,BRL,Hire,IC2,BR,Sales,2970.0
400,2016-02-14,1890.23,BRL,Hire,IC1,BR,Distribution Centers,1980.0
401,2016-03-07,610478.26,ARS,Hire,IC2,AR,Planning,540000.0
402,2016-03-05,395595.63,ARS,Hire,IC1,AR,Store Operations,368000.0
403,2016-03-11,3790.32,BRL,Hire,IC3,BR,Legal,4070.0
404,2016-03-02,4388.66,BRL,Hire,IC3,BR,Product,4558.4
405,2016-03-09,2521.37,BRL,Hire,IC1,BR,Procurement,2200.0
406,2016-03-01,4834.34,BRL,Hire,IC4,BR,Legal,5610.0
407,2016-03-10,371074.62,ARS,Hire,IC1,AR,Store Operations,368000.0
408,2016-03-05,2768.98,BRL,Hire,IC2,BR,Visual Merchandising,2732.4
409,2016-03-11,511731.04,ARS,Hire,IC1,AR,Sales,400000.0
410,2016-03-10,1691.41,BRL,Hire,IC1,BR,Regional Operations,2024.0
411,2016-03-01,2171.92,BRL,Hire,IC1,BR,Customer Experience,2310.0
412,2016-03-12,1967.04,BRL,Hire,IC1,BR,Regional Operations,2024.0
413,2016-03-03,2673.49,BRL,Hire,IC2,BR,Customer Operations,2613.6
351,2016-03-15,514825.03,ARS,Promotion,IC3,AR,Regional Operations,680800.0
318,2016-03-15,2596.09,BRL,Promotion,IC2,BR,Procurement,2970.0
49,2016-03-15,2076.16,BRL,Promotion,IC2,BR,Procurement,2970.0
121,2016-03-15,10304.53,BRL,Promotion,M4,BR,E-commerce,14291.2
197,2016-03-15,6052.63,BRL,Promotion,IC4,BR,Data,6451.5
232,2016-03-15,2846.66,BRL,Promotion,IC2,BR,Data & Analytics,3415.5
29,2016-03-15,6562.64,BRL,Promotion,IC5,BR,Strategy,7480.0
89,2016-03-15,3346.11,BRL,Promotion,IC3,BR,Finance,4070.0
47,2016-03-15,2411.7,BRL,Promotion,IC2,BR,Procurement,2970.0
286,2016-03-15,4177.63,BRL,Promotion,IC4,BR,Procurement,5610.0
187,2016-03-15,7388.87,BRL,Promotion,M2,BR,Procurement,6600.0
414,2016-04-08,2496.42,BRL,Hire,IC1,BR,Visual Merchandising,2310.0
415,2016-04-10,2082.45,BRL,Hire,IC1,BR,Regional Operations,2024.0
416,2016-04-13,1307968.16,ARS,Hire,IC5,AR,Store Operations,1251200.0
417,2016-04-09,2008.66,BRL,Hire,IC1,BR,Sales,2200.0
418,2016-04-13,1919.01,BRL,Hire,IC1,BR,Store Operations,2024.0
419,2016-04-07,2070.44,BRL,Hire,IC1,BR,Customer Operations,1936.0
420,2016-04-11,3985.64,BRL,Hire,IC3,BR,Digital Marketing,4070.0
421,2016-04-12,1734.02,BRL,Hire,IC1,BR,Store Operations,2024.0
422,2016-04-03,2199.95,BRL,Hire,IC1,BR,Visual Merchandising,2024.0
423,2016-04-01,1645.23,BRL,Hire,IC1,BR,Customer Service,1936.0
1,2016-04-01,1952.35,BRL,Merit,IC1,BR,Regional Operations,2024.0
2,2016-04-01,3516.21,BRL,Merit,IC3,BR,Customer Experience,3581.6
3,2016-04-01,2230.57,BRL,Merit,IC1,BR,Distribution Centers,1980.0
4,2016-04-01,2247.0,BRL,Merit,IC2,BR,Customer Service,2613.6
5,2016-04-01,2309.99,BRL,Merit,IC2,BR,Regional Operations,2732.4
6,2016-04-01,4281.39,BRL,Merit,IC3,BR,Product,4558.4
7,2016-04-01,3186.83,BRL,Merit,IC2,BR,Sales,2970.0
9,2016-04-01,3659.64,BRL,Merit,IC3,BR,Planning,4070.0
10,2016-04-01,8767.66,BRL,Merit,M3,BR,Procurement,9240.0
11,2016-04-01,2783.62,BRL,Merit,IC2,BR,Visual Merchandising,3118.5
12,2016-04-01,3273.67,BRL,Merit,IC2,BR,Regional Operations,2970.0
13,2016-04-01,2063.79,BRL,Merit,IC1,BR,Sales,2200.0
14,2016-04-01,8986.77,BRL,Merit,M3,BR,Visual Merchandising,8500.8
16,2016-04-01,1680.71,BRL,Merit,IC1,BR,Customer Experience,1936.0
17,2016-04-01,2241.53,BRL,Merit,IC1,BR,Sales,2200.0
18,2016-04-01,2697.82,BRL,Merit,IC2,BR,Regional Operations,2970.0
19,2016-04-01,3174.67,BRL,Merit,IC2,BR,Logistics,2970.0
20,2016-04-01,2202.94,BRL,Merit,IC1,BR,Distribution Centers,1980.0
21,2016-04-01,2335.92,BRL,Merit,IC2,BR,Store Operations,2732.4
22,2016-04-01,2277.12,BRL,Merit,IC1,BR,Legal,2200.0
23,2016-04-01,2547.64,BRL,Merit,IC1,BR,Sales,2200.0
24,2016-04-01,3017.8,BRL,Merit,IC2,BR,Sales,2970.0
25,2016-04-01,2521.51,BRL,Merit,IC1,BR,Visual Merchandising,2024.0
26,2016-04-01,3080.84,BRL,Merit,IC2,BR,Sales,2970.0
27,2016-04-01,3803.79,BRL,Merit,IC3,BR,Finance,4070.0
28,2016-04-01,1746.28,BRL,Merit,IC1,BR,Finance,2200.0
29,2016-04-01,6854.91,BRL,Merit,IC5,BR,Strategy,7480.0
30,2016-04-01,1546.49,BRL,Merit,IC1,BR,Customer Operations,1936.0
31,2016-04-01,3272.87,BRL,Merit,IC2,BR,Regional Operations,2732.4
32,2016-04-01,2877.95,BRL,Merit,IC2,BR,Visual Merchandising,2732.4
33,2016-04-01,2333.11,BRL,Merit,IC1,BR,Sales,2200.0
34,2016-04-01,4344.66,BRL,Merit,IC3,BR,Regional Operations,4070.0
36,2016-04-01,1455.03,BRL,Merit,IC1,BR,Distribution Centers,1980.0
37,2016-04-01,2369.58,BRL,Merit,IC1,BR,Visual Merchandising,2310.0
38,2016-04-01,3435.06,BRL,Merit,IC2,BR,Logistics,2970.0
40,2016-04-01,2332.94,BRL,Merit,IC1,BR,Customer Operations,2200.0
42,2016-04-01,3094.3,BRL,Merit,IC2,BR,Sales,2970.0
43,2016-04-01,1928.99,BRL,Merit,IC1,BR,Distribution Centers,1980.0
44,2016-04-01,2497.74,BRL,Merit,IC1,BR,Regional Operations,2200.0
45,2016-04-01,6078.68,BRL,Merit,IC4,BR,Procurement,5610.0
46,2016-04-01,1962.77,BRL,Merit,IC1,BR,Procurement,2200.0
47,2016-04-01,2465.82,BRL,Merit,IC2,BR,Procurement,2970.0
48,2016-04-01,2423.29,BRL,Merit,IC2,BR,Distribution Centers,2673.0
49,2016-04-01,2167.69,BRL,Merit,IC2,BR,Procurement,2970.0
50,2016-04-01,2555.69,BRL,Merit,IC1,BR,Data & Analytics,2530.0
54,2016-04-01,2508.35,BRL,Merit,IC1,BR,People,2200.0
55,2016-04-01,3064.81,BRL,Merit,IC2,BR,Legal,2970.0
56,2016-04-01,2131.5,BRL,Merit,IC1,BR,Regional Operations,2200.0
57,2016-04-01,2040.53,BRL,Merit,IC1,BR,People,2200.0
59,2016-04-01,2115.04,BRL,Merit,IC1,BR,Strategy,2200.0
60,2016-04-01,5579.51,BRL,Merit,IC4,BR,Marketing,5610.0
61,2016-04-01,3363.26,BRL,Merit,IC2,BR,Sales,2970.0
63,2016-04-01,1546.21,BRL,Merit,IC1,BR,Distribution Centers,1980.0
64,2016-04-01,1955.17,BRL,Merit,IC1,BR,Sales,2200.0
65,2016-04-01,5857.94,BRL,Merit,M2,BR,Sales,6600.0
66,2016-04-01,1822.97,BRL,Merit,IC1,BR,Store Operations,2024.0
68,2016-04-01,1810.36,BRL,Merit,IC1,BR,Store Operations,2024.0
69,2016-04-01,2248.18,BRL,Merit,IC1,BR,Logistics,2200.0
70,2016-04-01,5697.61,BRL,Merit,M1,BR,Data,5566.0
71,2016-04-01,2848.28,BRL,Merit,IC2,BR,Visual Merchandising,3118.5
72,2016-04-01,2372.7,BRL,Merit,IC1,BR,Risk,2200.0
73,2016-04-01,3125.27,BRL,Merit,IC2,BR,Risk,2970.0
75,2016-04-01,2508.12,BRL,Merit,IC1,BR,Legal,2200.0
76,2016-04-01,2176.27,BRL,Merit,IC1,BR,People,2200.0
77,2016-04-01,3079.59,BRL,Merit,IC2,BR,Store Operations,2732.4
78,2016-04-01,2432.31,BRL,Merit,IC1,BR,Visual Merchandising,2310.0
80,2016-04-01,2549.12,BRL,Merit,IC1,BR,Regional Operations,2200.0
82,2016-04-01,6592.46,BRL,Merit,IC4,BR,Procurement,5610.0
83,2016-04-01,1767.44,BRL,Merit,IC1,BR,Customer Service,1936.0
84,2016-04-01,2415.33,BRL,Merit,IC1,BR,Procurement,2200.0
85,2016-04-01,1770.89,BRL,Merit,IC1,BR,Sales,2200.0
86,2016-04-01,7883.12,BRL,Merit,IC4,BR,Engineering,6619.8
87,2016-04-01,2425.72,BRL,Merit,IC1,BR,Customer Experience,2310.0
88,2016-04-01,3054.33,BRL,Merit,IC2,BR,Procurement,2970.0
89,2016-04-01,3488.16,BRL,Merit,IC3,BR,Finance,4070.0
90,2016-04-01,3575.97,BRL,Merit,IC2,BR,Customer Experience,3118.5
91,2016-04-01,2153.87,BRL,Merit,IC1,BR,Store Operations,2024.0
92,2016-04-01,7452.79,BRL,Merit,IC4,BR,Data & Analytics,6451.5
93,2016-04-01,2188.7,BRL,Merit,IC1,BR,Customer Service,1936.0
95,2016-04-01,1999.91,BRL,Merit,IC1,BR,Regional Operations,2024.0
96,2016-04-01,2741.58,BRL,Merit,IC1,BR,Visual Merchandising,2310.0
97,2016-04-01,2681.25,BRL,Merit,IC1,BR,Engineering,2596.0
98,2016-04-01,4024.96,BRL,Merit,M1,BR,Regional Operations,4452.8
100,2016-04-01,2794.69,BRL,Merit,IC2,BR,Finance,2970.0
101,2016-04-01,2559.01,BRL,Merit,IC1,BR,Finance,2200.0
102,2016-04-01,2392.21,BRL,Merit,IC1,BR,Customer Experience,2310.0
103,2016-04-01,2138.65,BRL,Merit,IC1,BR,Customer Operations,2200.0
104,2016-04-01,2208.4,BRL,Merit,IC1,BR,Customer Experience,2310.0
105,2016-04-01,1995.82,BRL,Merit,IC1,BR,Finance,2200.0
106,2016-04-01,3759.31,BRL,Merit,IC2,BR,E-commerce,3326.4
108,2016-04-01,3266.09,BRL,Merit,IC2,BR,Visual Merchandising,3118.5
109,2016-04-01,1807.87,BRL,Merit,IC1,BR,Distribution Centers,1980.0
111,2016-04-01,2720.42,BRL,Merit,IC2,BR,Regional Operations,2732.4
113,2016-04-01,3306.65,BRL,Merit,IC2,BR,People,2970.0
114,2016-04-01,1520.67,BRL,Merit,IC1,BR,Customer Service,1936.0
115,2016-04-01,4021.89,BRL,Merit,IC2,BR,UX,3118.5
116,2016-04-01,2986.92,BRL,Merit,IC2,BR,Product,3326.4
117,2016-04-01,3228.54,BRL,Merit,IC2,BR,Risk,2970.0
118,2016-04-01,3721.26,BRL,Merit,IC2,BR,Product,3326.4
119,2016-04-01,4353.95,BRL,Merit,IC3,BR,Legal,4070.0
120,2016-04-01,4838.92,BRL,Merit,IC3,BR,Data,4680.5
121,2016-04-01,10793.35,BRL,Merit,M4,BR,E-commerce,14291.2
122,2016-04-01,2299.23,BRL,Merit,IC1,BR,Regional Operations,2200.0
124,2016-04-01,2203.79,BRL,Merit,IC1,BR,Marketing,2200.0
125,2016-04-01,3269.78,BRL,Merit,IC2,BR,Planning,3415.5
126,2016-04-01,2026.81,BRL,Merit,IC1,BR,Logistics,2200.0
127,2016-04-01,2553.26,BRL,Merit,IC2,BR,Store Operations,2732.4
128,2016-04-01,2622.7,BRL,Merit,IC1,BR,Sales,2200.0
130,2016-04-01,1721.33,BRL,Merit,IC1,BR,Customer Experience,2310.0
131,2016-04-01,2114.77,BRL,Merit,IC1,BR,Store Operations,2024.0
132,2016-04-01,2057.93,BRL,Merit,IC1,BR,Customer Operations,2200.0
133,2016-04-01,2713.26,BRL,Merit,IC1,BR,Customer Experience,2310.0
134,2016-04-01,2678.46,BRL,Merit,IC1,BR,Customer Service,1936.0
135,2016-04-01,3368.11,BRL,Merit,IC2,BR,Data,3415.5
136,2016-04-01,2997.76,BRL,Merit,IC3,BR,Store Operations,3744.4
137,2016-04-01,2090.03,BRL,Merit,IC1,BR,Procurement,2200.0
138,2016-04-01,4548.51,BRL,Merit,IC3,BR,Procurement,4070.0
139,2016-04-01,2866.44,BRL,Merit,IC2,BR,Sales,2970.0
140,2016-04-01,5355.68,BRL,Merit,M1,BR,Visual Merchandising,4452.8
141,2016-04-01,4829.94,BRL,Merit,M1,BR,Sales,4840.0
142,2016-04-01,2737.74,BRL,Merit,IC2,BR,Visual Merchandising,3118.5
143,2016-04-01,2503.95,BRL,Merit,IC1,BR,Procurement,2200.0
144,2016-04-01,4107.49,BRL,Merit,IC3,BR,Sales,4070.0
145,2016-04-01,2527.38,BRL,Merit,IC1,BR,Visual Merchandising,2310.0
148,2016-04-01,2888.94,BRL,Merit,IC1,BR,Planning,2530.0
149,2016-04-01,2034.08,BRL,Merit,IC1,BR,Distribution Centers,1980.0
150,2016-04-01,1994.15,BRL,Merit,IC1,BR,Customer Service,1936.0
151,2016-04-01,1881.1,BRL,Merit,IC1,BR,Store Operations,2024.0
152,2016-04-01,2304.26,BRL,Merit,IC2,BR,UX,3118.5
153,2016-04-01,6913.15,BRL,Merit,IC4,BR,Data,6451.5
154,2016-04-01,1968.41,BRL,Merit,IC1,BR,Customer Service,1936.0
155,2016-04-01,2518.57,BRL,Merit,IC2,BR,Legal,2970.0
156,2016-04-01,3328.04,BRL,Merit,IC2,BR,People,2970.0
158,2016-04-01,2536.55,BRL,Merit,IC1,BR,Procurement,2200.0
159,2016-04-01,1765.75,BRL,Merit,IC1,BR,Visual Merchandising,2310.0
160,2016-04-01,2542.51,BRL,Merit,IC2,BR,Sales,2970.0
162,2016-04-01,5004.5,BRL,Merit,IC4,BR,Strategy,5610.0
163,2016-04-01,2181.22,BRL,Merit,IC1,BR,Customer Operations,2200.0
165,2016-04-01,3076.23,BRL,Merit,IC2,BR,Customer Operations,2970.0
167,2016-04-01,2248.56,BRL,Merit,IC1,BR,Risk,2200.0
168,2016-04-01,7799.15,BRL,Merit,IC5,BR,Digital Marketing,7480.0
169,2016-04-01,2021.12,BRL,Merit,IC1,BR,Visual Merchandising,2310.0
170,2016-04-01,2688.14,BRL,Merit,IC2,BR,Strategy,2970.0
172,2016-04-01,2962.55,BRL,Merit,IC2,BR,Digital Marketing,2970.0
173,2016-04-01,2087.99,BRL,Merit,IC1,BR,Visual Merchandising,2024.0
174,2016-04-01,2665.84,BRL,Merit,IC2,BR,Regional Operations,2732.4
175,2016-04-01,3090.1,BRL,Merit,IC2,BR,Procurement,2970.0
176,2016-04-01,1983.11,BRL,Merit,IC1,BR,Customer Experience,1936.0
177,2016-04-01,9152.21,BRL,Merit,IC5,BR,UX,7854.0
178,2016-04-01,5078.04,BRL,Merit,IC4,BR,UX,5890.5
179,2016-04-01,2331.56,BRL,Merit,IC1,BR,Planning,2530.0
182,2016-04-01,1894.22,BRL,Merit,IC1,BR,Store Operations,2024.0
183,2016-04-01,4583.85,BRL,Merit,IC3,BR,People,4070.0
185,2016-04-01,3082.64,BRL,Merit,IC1,BR,Visual Merchandising,2310.0
186,2016-04-01,2450.2,BRL,Merit,IC1,BR,Sales,2200.0
187,2016-04-01,7596.3,BRL,Merit,M2,BR,Procurement,6600.0
188,2016-04-01,2112.48,BRL,Merit,IC1,BR,Logistics,2200.0
189,2016-04-01,3003.71,BRL,Merit,IC2,BR,Customer Service,2613.6
191,2016-04-01,1902.88,BRL,Merit,IC1,BR,Sales,2200.0
192,2016-04-01,9452.98,BRL,Merit,IC5,BR,Product,8377.6
193,2016-04-01,4481.47,BRL,Merit,M1,BR,Strategy,4840.0
194,2016-04-01,4104.78,BRL,Merit,M1,BR,Customer Experience,4259.2
195,2016-04-01,2622.47,BRL,Merit,IC1,BR,Visual Merchandising,2310.0
196,2016-04-01,9178.97,BRL,Merit,IC5,BR,Legal,7480.0
197,2016-04-01,6327.64,BRL,Merit,IC4,BR,Data,6451.5
199,2016-04-01,3302.87,BRL,Merit,IC2,BR,E-commerce,3504.6
200,2016-04-01,2906.69,BRL,Merit,IC2,BR,People,2970.0
201,2016-04-01,3633.66,BRL,Merit,IC2,BR,Sales,2970.0
202,2016-04-01,4825.41,BRL,Merit,IC3,BR,Data & Analytics,4680.5
203,2016-04-01,2759.28,BRL,Merit,IC1,BR,Visual Merchandising,2310.0
204,2016-04-01,2882.86,BRL,Merit,IC2,BR,Procurement,2970.0
205,2016-04-01,6277.74,BRL,Merit,IC4,BR,UX,5890.5
207,2016-04-01,1560.96,BRL,Merit,IC1,BR,Visual Merchandising,2024.0
208,2016-04-01,4679.51,BRL,Merit,M1,BR,Regional Operations,4452.8
209,2016-04-01,2246.43,BRL,Merit,IC1,BR,Store Operations,2024.0
210,2016-04-01,5339.45,BRL,Merit,IC3,BR,Engineering,4802.6
212,2016-04-01,14878.26,BRL,Merit,M4,BR,Visual Merchandising,13398.0
213,2016-04-01,1901.23,BRL,Merit,IC1,BR,Regional Operations,2200.0
214,2016-04-01,4059.31,BRL,Merit,IC2,BR,Engineering,3504.6
215,2016-04-01,3195.38,BRL,Merit,IC2,BR,Procurement,2970.0
216,2016-04-01,2598.32,BRL,Merit,IC1,BR,Customer Experience,2310.0
217,2016-04-01,1812.17,BRL,Merit,IC1,BR,Visual Merchandising,2024.0
218,2016-04-01,4890.14,BRL,Merit,IC4,BR,Strategy,5610.0
220,2016-04-01,2183.58,BRL,Merit,IC1,BR,Regional Operations,2024.0
221,2016-04-01,2531.13,BRL,Merit,IC2,BR,Store Operations,2732.4
223,2016-04-01,2167.63,BRL,Merit,IC2,BR,Visual Merchandising,2732.4
224,2016-04-01,2392.31,BRL,Merit,IC1,BR,Visual Merchandising,2024.0
225,2016-04-01,2563.4,BRL,Merit,IC1,BR,Customer Experience,2310.0
226,2016-04-01,2546.17,BRL,Merit,IC1,BR,Regional Operations,2024.0
227,2016-04-01,4167.86,BRL,Merit,IC3,BR,Data & Analytics,4680.5
228,2016-04-01,2376.67,BRL,Merit,IC1,BR,Visual Merchandising,2310.0
229,2016-04-01,2262.76,BRL,Merit,IC1,BR,Visual Merchandising,2024.0
230,2016-04-01,2522.46,BRL,Merit,IC1,BR,Sales,2200.0
231,2016-04-01,2035.65,BRL,Merit,IC1,BR,Customer Operations,1936.0
232,2016-04-01,2925.45,BRL,Merit,IC2,BR,Data & Analytics,3415.5
233,2016-04-01,5070.5,BRL,Merit,M1,BR,Visual Merchandising,5082.0
235,2016-04-01,2262.85,BRL,Merit,IC1,BR,Visual Merchandising,2310.0
240,2016-04-01,1971.55,BRL,Merit,IC1,BR,Visual Merchandising,2310.0
242,2016-04-01,2406.72,BRL,Merit,IC2,BR,Customer Service,2613.6
243,2016-04-01,4292.27,BRL,Merit,IC3,BR,Procurement,4070.0
244,2016-04-01,1929.09,BRL,Merit,IC1,BR,Digital Marketing,2200.0
245,2016-04-01,2289.51,BRL,Merit,IC1,BR,Customer Service,1936.0
246,2016-04-01,8427.44,BRL,Merit,M2,BR,Planning,7590.0
248,2016-04-01,3212.72,BRL,Merit,IC2,BR,Risk,2970.0
249,2016-04-01,2549.11,BRL,Merit,IC1,BR,Sales,2200.0
251,2016-04-01,2575.67,BRL,Merit,IC2,BR,Regional Operations,2732.4
252,2016-04-01,4483.85,BRL,Merit,M1,BR,Customer Operations,4840.0
253,2016-04-01,2140.59,BRL,Merit,IC1,BR,Customer Service,1936.0
254,2016-04-01,5004.36,BRL,Merit,IC3,BR,Finance,4070.0
255,2016-04-01,2085.34,BRL,Merit,IC1,BR,Store Operations,2024.0
256,2016-04-01,2137.42,BRL,Merit,IC1,BR,Sales,2200.0
257,2016-04-01,5959.06,BRL,Merit,M1,BR,Planning,4840.0
258,2016-04-01,2222.59,BRL,Merit,IC1,BR,Store Operations,2024.0
259,2016-04-01,2583.78,BRL,Merit,IC1,BR,Logistics,2200.0
260,2016-04-01,4571.82,BRL,Merit,IC3,BR,Logistics,4070.0
261,2016-04-01,6805.64,BRL,Merit,M2,BR,Risk,6600.0
262,2016-04-01,1933.86,BRL,Merit,IC1,BR,Store Operations,2024.0
263,2016-04-01,2182.74,BRL,Merit,IC1,BR,Customer Operations,1936.0
264,2016-04-01,5125.51,BRL,Merit,M1,BR,Visual Merchandising,5082.0
265,2016-04-01,1691.72,BRL,Merit,IC1,BR,Visual Merchandising,2024.0
268,2016-04-01,2084.03,BRL,Merit,IC1,BR,Customer Service,1936.0
269,2016-04-01,2056.07,BRL,Merit,IC1,BR,Store Operations,2024.0
270,2016-04-01,3099.72,BRL,Merit,IC2,BR,Visual Merchandising,2732.4
271,2016-04-01,2335.55,BRL,Merit,IC1,BR,Planning,2200.0
272,2016-04-01,2593.64,BRL,Merit,IC1,BR,Visual Merchandising,2310.0
273,2016-04-01,4610.69,BRL,Merit,IC3,BR,Visual Merchandising,4273.5
274,2016-04-01,1777.61,BRL,Merit,IC1,BR,Regional Operations,2024.0
275,2016-04-01,2344.6,BRL,Merit,IC1,BR,Store Operations,2024.0
276,2016-04-01,3314.1,BRL,Merit,IC2,BR,Logistics,2970.0
277,2016-04-01,2832.99,BRL,Merit,IC2,BR,Logistics,2970.0
278,2016-04-01,4781.13,BRL,Merit,IC3,BR,People,4070.0
279,2016-04-01,2289.87,BRL,Merit,IC1,BR,Visual Merchandising,2310.0
280,2016-04-01,2685.06,BRL,Merit,IC2,BR,Store Operations,2732.4
281,2016-04-01,8707.51,BRL,Merit,M3,BR,E-commerce,10348.8
282,2016-04-01,2890.68,BRL,Merit,IC2,BR,Regional Operations,2732.4
283,2016-04-01,3706.51,BRL,Merit,IC2,BR,Engineering,3504.6
285,2016-04-01,2741.95,BRL,Merit,IC2,BR,Digital Marketing,2970.0
286,2016-04-01,4353.77,BRL,Merit,IC4,BR,Procurement,5610.0
287,2016-04-01,1746.62,BRL,Merit,IC1,BR,Store Operations,2024.0
288,2016-04-01,3058.47,BRL,Merit,IC2,BR,Customer Operations,2970.0
289,2016-04-01,2119.06,BRL,Merit,IC1,BR,Visual Merchandising,2024.0
290,2016-04-01,2451.63,BRL,Merit,IC1,BR,Sales,2200.0
291,2016-04-01,2245.6,BRL,Merit,IC1,BR,Customer Operations,2200.0
292,2016-04-01,4700.37,BRL,Merit,M1,BR,Sales,4840.0
293,2016-04-01,2352.63,BRL,Merit,IC1,BR,Store Operations,2024.0
294,2016-04-01,3748.27,BRL,Merit,IC3,BR,Visual Merchandising,4273.5
295,2016-04-01,5108.19,BRL,Merit,M1,BR,Procurement,4840.0
296,2016-04-01,2384.4,BRL,Merit,IC2,BR,Finance,2970.0
298,2016-04-01,3296.98,BRL,Merit,IC3,BR,People,4070.0
299,2016-04-01,1974.02,BRL,Merit,IC1,BR,Visual Merchandising,2024.0
301,2016-04-01,1571.0,BRL,Merit,IC1,BR,Customer Experience,1936.0
302,2016-04-01,2900.38,BRL,Merit,IC2,BR,Procurement,2970.0
303,2016-04-01,5765.3,BRL,Merit,M2,BR,Logistics,6600.0
305,2016-04-01,4425.01,BRL,Merit,IC3,BR,Planning,4070.0
306,2016-04-01,1814.48,BRL,Merit,IC1,BR,Store Operations,2024.0
307,2016-04-01,7590.38,BRL,Merit,M2,BR,Legal,6600.0
308,2016-04-01,1982.2,BRL,Merit,IC1,BR,Store Operations,2024.0
309,2016-04-01,18473.54,BRL,Merit,M5,BR,Marketing,16500.0
310,2016-04-01,6047.86,BRL,Merit,M1,BR,E-commerce,5711.2
312,2016-04-01,2355.55,BRL,Merit,IC1,BR,Sales,2200.0
313,2016-04-01,2700.79,BRL,Merit,IC2,BR,Store Operations,2732.4
314,2016-04-01,8716.03,BRL,Merit,IC5,BR,Data,8602.0
315,2016-04-01,1987.82,BRL,Merit,IC1,BR,Distribution Centers,1980.0
316,2016-04-01,2594.69,BRL,Merit,IC2,BR,Store Operations,2732.4
317,2016-04-01,2188.53,BRL,Merit,IC1,BR,Regional Operations,2024.0
318,2016-04-01,2689.57,BRL,Merit,IC2,BR,Procurement,2970.0
319,2016-04-01,3920.4,BRL,Merit,IC3,BR,Procurement,4070.0
320,2016-04-01,2190.24,BRL,Merit,IC1,BR,Customer Experience,2310.0
321,2016-04-01,11079.57,BRL,Merit,M3,BR,Marketing,9240.0
322,2016-04-01,1989.85,BRL,Merit,IC1,BR,Logistics,2200.0
323,2016-04-01,1944.75,BRL,Merit,IC1,BR,Customer Operations,2200.0
324,2016-04-01,2506.47,BRL,Merit,IC2,BR,Finance,2970.0
325,2016-04-01,2320.75,BRL,Merit,IC1,BR,Regional Operations,2200.0
326,2016-04-01,3036.42,BRL,Merit,IC2,BR,Sales,2970.0
327,2016-04-01,5137.3,BRL,Merit,M1,BR,People,4840.0
329,2016-04-01,2553.41,BRL,Merit,IC2,BR,Customer Experience,2613.6
330,2016-04-01,2456.18,BRL,Merit,IC1,BR,Logistics,2200.0
331,2016-04-01,2142.84,BRL,Merit,IC1,BR,Store Operations,2024.0
332,2016-04-01,2013.08,BRL,Merit,IC1,BR,Customer Service,1936.0
333,2016-04-01,2383.8,BRL,Merit,IC1,BR,Sales,2200.0
335,2016-04-01,5422.73,BRL,Merit,M1,BR,Planning,5566.0
336,2016-04-01,650562.4,ARS,Merit,IC3,AR,Store Operations,680800.0
337,2016-04-01,345398.39,ARS,Merit,IC1,AR,Customer Service,352000.0
338,2016-04-01,495134.06,ARS,Merit,IC1,AR,Planning,460000.0
340,2016-04-01,468741.38,ARS,Merit,IC1,AR,Planning,460000.0
341,2016-04-01,759377.27,ARS,Merit,M1,AR,Sales,880000.0
342,2016-04-01,421537.38,ARS,Merit,IC1,AR,Sales,400000.0
343,2016-04-01,784837.72,ARS,Merit,M1,AR,Sales,880000.0
344,2016-04-01,628234.47,ARS,Merit,IC2,AR,Planning,621000.0
345,2016-04-01,414243.03,ARS,Merit,IC1,AR,Logistics,400000.0
346,2016-04-01,389978.74,ARS,Merit,IC1,AR,Sales,400000.0
347,2016-04-01,410138.09,ARS,Merit,IC1,AR,Customer Service,352000.0
348,2016-04-01,629395.0,ARS,Merit,IC2,AR,Logistics,540000.0
349,2016-04-01,443128.22,ARS,Merit,IC1,AR,Regional Operations,400000.0
351,2016-04-01,535382.18,ARS,Merit,IC3,AR,Regional Operations,680800.0
352,2016-04-01,768442.44,ARS,Merit,IC3,AR,Marketing,740000.0
354,2016-04-01,446015.77,ARS,Merit,IC1,AR,Store Operations,368000.0
355,2016-04-01,413371.19,ARS,Merit,IC2,AR,Planning,540000.0
357,2016-04-01,540516.27,ARS,Merit,IC2,AR,Distribution Centers,486000.0
358,2016-04-01,460269.91,ARS,Merit,IC1,AR,Visual Merchandising,420000.0
360,2016-04-01,452531.81,ARS,Merit,IC1,AR,Sales,400000.0
362,2016-04-01,532890.54,ARS,Merit,IC2,AR,Sales,540000.0
363,2016-04-01,669016.56,ARS,Merit,M1,AR,Visual Merchandising,809600.0
364,2016-04-01,564565.65,ARS,Merit,IC2,AR,Logistics,540000.0
365,2016-04-01,670150.69,ARS,Merit,IC3,AR,Visual Merchandising,680800.0
366,2016-04-01,422366.48,ARS,Merit,IC1,AR,Sales,400000.0
368,2016-04-01,445525.28,ARS,Merit,IC1,AR,Logistics,400000.0
369,2016-04-01,398777.49,ARS,Merit,IC1,AR,Store Operations,368000.0
370,2016-04-01,372132.67,ARS,Merit,IC1,AR,Regional Operations,400000.0
371,2016-04-01,342140.31,ARS,Merit,IC1,AR,Customer Operations,400000.0
372,2016-04-01,367384.12,ARS,Merit,IC1,AR,Sales,400000.0
373,2016-04-01,647422.05,ARS,Merit,IC2,AR,Planning,621000.0
374,2016-04-01,356062.76,ARS,Merit,IC1,AR,Distribution Centers,360000.0
375,2016-04-01,503766.51,ARS,Merit,IC2,AR,Store Operations,496800.0
377,2016-04-01,418168.89,ARS,Merit,IC1,AR,Regional Operations,400000.0
378,2016-04-01,414885.44,ARS,Merit,IC1,AR,Regional Operations,400000.0
379,2016-04-01,517261.84,ARS,Merit,IC2,AR,Sales,540000.0
380,2016-04-01,335414.89,ARS,Merit,IC1,AR,Store Operations,368000.0
424,2016-05-10,2532.77,BRL,Hire,IC1,BR,Strategy,2200.0
425,2016-05-08,2231.34,BRL,Hire,IC1,BR,Planning,2200.0
426,2016-05-03,4739.54,BRL,Hire,IC3,BR,Data & Analytics,4680.5
427,2016-05-09,1982.44,BRL,Hire,IC1,BR,Customer Operations,2200.0
428,2016-05-13,2749.09,BRL,Hire,IC2,BR,Customer Operations,2970.0
429,2016-05-13,1815.14,BRL,Hire,IC1,BR,Store Operations,2024.0
430,2016-05-09,2534.49,BRL,Hire,IC2,BR,Procurement,2970.0
431,2016-06-11,405512.73,ARS,Hire,IC1,AR,Regional Operations,400000.0
432,2016-06-01,323320.68,ARS,Hire,IC1,AR,Store Operations,368000.0
433,2016-06-02,4268.93,BRL,Hire,M1,BR,Customer Experience,4259.2
434,2016-06-04,2379.94,BRL,Hire,IC1,BR,Logistics,2200.0
435,2016-06-12,2176.6,BRL,Hire,IC1,BR,Sales,2200.0
436,2016-06-04,2963.78,BRL,Hire,IC2,BR,Marketing,2970.0
437,2016-06-07,2985.64,BRL,Hire,IC2,BR,Strategy,2970.0
438,2016-06-03,911887.96,ARS,Hire,M2,AR,Visual Merchandising,1104000.0
439,2016-06-01,2479.11,BRL,Hire,IC1,BR,Regional Operations,2200.0
440,2016-06-05,6868.81,BRL,Hire,M2,BR,Marketing,6600.0
441,2016-07-06,3920.8,BRL,Hire,IC3,BR,Legal,4070.0
442,2016-07-01,1776.53,BRL,Hire,IC1,BR,Visual Merchandising,2024.0
443,2016-07-05,1996.26,BRL,Hire,IC1,BR,Store Operations,2024.0
444,2016-07-14,4930.87,BRL,Hire,IC4,BR,Strategy,5610.0
445,2016-07-10,372714.15,ARS,Hire,IC1,AR,Visual Merchandising,420000.0
446,2016-07-12,2097.92,BRL,Hire,IC1,BR,Sales,2200.0
447,2016-07-08,2847.1,BRL,Hire,IC2,BR,People,2970.0
448,2016-07-12,4623.48,BRL,Hire,IC3,BR,UX,4273.5
449,2016-07-05,2067.72,BRL,Hire,IC1,BR,Regional Operations,2024.0
450,2016-08-09,2371.36,BRL,Hire,IC1,BR,Sales,2200.0
451,2016-08-01,1917.5,BRL,Hire,IC1,BR,Store Operations,2024.0
452,2016-08-13,420132.7,ARS,Hire,IC1,AR,Planning,400000.0
453,2016-08-12,3098.65,BRL,Hire,IC2,BR,Procurement,2970.0
454,2016-08-04,1935.31,BRL,Hire,IC1,BR,Sales,2200.0
455,2016-08-13,1824.55,BRL,Hire,IC1,BR,Store Operations,2024.0
456,2016-08-02,1881.02,BRL,Hire,IC1,BR,Customer Operations,1936.0
457,2016-08-11,3694.45,BRL,Hire,IC3,BR,Legal,4070.0
458,2016-08-11,1966.79,BRL,Hire,IC1,BR,Store Operations,2024.0
459,2016-08-04,3022.56,BRL,Hire,IC2,BR,Sales,2970.0
460,2016-08-14,2127.92,BRL,Hire,IC1,BR,Sales,2200.0
461,2016-08-08,2592.08,BRL,Hire,IC2,BR,Customer Service,2613.6
462,2016-08-04,489873.1,ARS,Hire,IC2,AR,Store Operations,496800.0
463,2016-08-01,318774.52,ARS,Hire,IC1,AR,Distribution Centers,360000.0
464,2016-08-08,2861.15,BRL,Hire,IC2,BR,Legal,2970.0
465,2016-08-02,2793.86,BRL,Hire,IC2,BR,Data,3415.5
466,2016-09-11,2475.86,BRL,Hire,IC2,BR,Regional Operations,2970.0
467,2016-09-01,4426.43,BRL,Hire,M1,BR,Store Operations,4452.8
468,2016-09-04,2120.22,BRL,Hire,IC1,BR,Store Operations,2024.0
469,2016-09-07,2121.84,BRL,Hire,IC1,BR,Store Operations,2024.0
470,2016-09-03,2392.28,BRL,Hire,IC1,BR,Planning,2200.0
471,2016-09-04,3087.17,BRL,Hire,IC2,BR,Risk,2970.0
472,2016-09-06,3955.49,BRL,Hire,IC3,BR,Regional Operations,4070.0
473,2016-09-13,3567.02,BRL,Hire,IC2,BR,Sales,2970.0
474,2016-09-11,3424.62,BRL,Hire,IC3,BR,Planning,4070.0
475,2016-09-12,2329.48,BRL,Hire,IC1,BR,Finance,2200.0
476,2016-09-07,1847.95,BRL,Hire,IC1,BR,Sales,2200.0
308,2016-09-15,2186.18,BRL,Promotion,IC2,BR,Store Operations,2732.4
372,2016-09-15,397027.9,ARS,Promotion,IC2,AR,Sales,540000.0
375,2016-09-15,573626.26,ARS,Promotion,IC3,AR,Store Operations,680800.0
56,2016-09-15,2401.71,BRL,Promotion,IC2,BR,Regional Operations,2970.0
18,2016-09-15,2941.07,BRL,Promotion,IC3,BR,Regional Operations,4070.0
357,2016-09-15,624685.28,ARS,Promotion,IC3,AR,Distribution Centers,666000.0
368,2016-09-15,488195.98,ARS,Promotion,IC2,AR,Logistics,540000.0
48,2016-09-15,2936.16,BRL,Promotion,IC3,BR,Distribution Centers,3663.0
109,2016-09-15,2016.06,BRL,Promotion,IC2,BR,Distribution Centers,2673.0
199,2016-09-15,3895.14,BRL,Promotion,IC3,BR,E-commerce,4802.6
321,2016-09-15,12233.96,BRL,Promotion,M4,BR,Marketing,12760.0
183,2016-09-15,5478.8,BRL,Promotion,IC4,BR,People,5610.0
477,2016-10-07,2389.54,BRL,Hire,IC2,BR,Regional Operations,2732.4
478,2016-10-10,3194.57,BRL,Hire,IC2,BR,Marketing,2970.0
479,2016-10-05,2866.13,BRL,Hire,IC2,BR,Visual Merchandising,2732.4
480,2016-10-02,2267.09,BRL,Hire,IC1,BR,Regional Operations,2024.0
481,2016-10-11,1579.52,BRL,Hire,IC1,BR,Customer Operations,1936.0
482,2016-10-07,7669.28,BRL,Hire,IC5,BR,Product,8377.6
483,2016-10-05,2057.03,BRL,Hire,IC1,BR,People,2200.0
484,2016-10-06,2539.49,BRL,Hire,IC1,BR,Visual Merchandising,2310.0
485,2016-10-13,1753.46,BRL,Hire,IC1,BR,Visual Merchandising,2024.0
486,2016-10-09,2225.17,BRL,Hire,IC1,BR,Customer Service,1936.0
487,2016-10-01,2147.89,BRL,Hire,IC1,BR,Sales,2200.0
488,2016-10-13,2565.42,BRL,Hire,IC1,BR,Sales,2200.0
489,2016-10-07,2090.87,BRL,Hire,IC1,BR,Regional Operations,2024.0
490,2016-11-06,2039.99,BRL,Hire,IC1,BR,Sales,2200.0
491,2016-11-09,1802.21,BRL,Hire,IC1,BR,Visual Merchandising,2024.0
492,2016-11-02,275257.03,ARS,Hire,IC1,AR,Visual Merchandising,368000.0
493,2016-11-06,5117.14,BRL,Hire,M1,BR,Visual Merchandising,5082.0
494,2016-11-08,3712.04,BRL,Hire,IC3,BR,Strategy,4070.0
495,2016-11-06,2093.78,BRL,Hire,IC1,BR,Regional Operations,2200.0
496,2016-11-12,5178.65,BRL,Hire,IC3,BR,Data,4680.5
497,2016-11-10,1688.82,BRL,Hire,IC1,BR,Regional Operations,2024.0
498,2016-11-09,2124.08,BRL,Hire,IC1,BR,Visual Merchandising,2310.0
499,2016-11-05,536783.72,ARS,Hire,IC2,AR,Customer Operations,475200.0
500,2016-11-12,2006.35,BRL,Hire,IC1,BR,Visual Merchandising,2310.0
501,2016-11-07,2380.31,BRL,Hire,IC1,BR,Data,2530.0
502,2016-11-09,3380.86,BRL,Hire,IC2,BR,Visual Merchandising,3118.5
503,2016-11-01,6794.46,BRL,Hire,M2,BR,Store Operations,6072.0
504,2016-11-13,2827.83,BRL,Hire,IC1,BR,Data & Analytics,2530.0
505,2016-11-01,1990.72,BRL,Hire,IC1,BR,Planning,2200.0
506,2016-11-09,457208.9,ARS,Hire,IC2,AR,Regional Operations,540000.0
507,2016-11-10,364315.95,ARS,Hire,IC1,AR,Sales,400000.0
508,2016-11-14,2031.07,BRL,Hire,IC1,BR,Sales,2200.0
509,2016-11-14,8394.31,BRL,Hire,M2,BR,Data & Analytics,7590.0
510,2016-11-09,435615.46,ARS,Hire,IC2,AR,Customer Service,475200.0
511,2016-11-06,2098.8,BRL,Hire,IC1,BR,Procurement,2200.0
512,2016-11-05,408980.0,ARS,Hire,IC2,AR,Store Operations,496800.0
513,2016-11-08,2014.89,BRL,Hire,IC1,BR,Customer Operations,2200.0
514,2016-11-05,1914.35,BRL,Hire,IC1,BR,Customer Experience,1936.0
515,2016-11-12,2853.59,BRL,Hire,IC2,BR,Procurement,2970.0
516,2016-11-05,4504.66,BRL,Hire,IC3,BR,Finance,4070.0
517,2016-11-08,4077.24,BRL,Hire,IC3,BR,Distribution Centers,3663.0
518,2016-11-10,4129.05,BRL,Hire,IC3,BR,Regional Operations,3744.4
519,2016-11-02,3696.92,BRL,Hire,IC3,BR,Store Operations,3744.4
520,2016-11-13,2092.57,BRL,Hire,IC1,BR,Customer Experience,2310.0
521,2016-11-03,1837.98,BRL,Hire,IC1,BR,Customer Service,1936.0
522,2016-11-08,2477.3,BRL,Hire,IC2,BR,Visual Merchandising,2732.4
523,2016-11-05,2295.33,BRL,Hire,IC1,BR,Customer Operations,2200.0
524,2016-11-12,1868.82,BRL,Hire,IC1,BR,Risk,2200.0
525,2016-11-12,1844.23,BRL,Hire,IC1,BR,Visual Merchandising,2024.0
526,2016-11-02,378611.99,ARS,Hire,IC1,AR,Regional Operations,368000.0
527,2016-11-12,6153.23,BRL,Hire,M2,BR,Customer Service,5808.0
528,2016-11-03,5725.68,BRL,Hire,M1,BR,Engineering,5711.2
529,2016-11-09,2015.36,BRL,Hire,IC1,BR,Logistics,2200.0
530,2016-11-11,484872.48,ARS,Hire,IC2,AR,Customer Service,475200.0
531,2016-11-13,1850.51,BRL,Hire,IC1,BR,Visual Merchandising,2024.0
532,2016-11-12,2129.18,BRL,Hire,IC1,BR,Visual Merchandising,2310.0
533,2016-12-05,3887.93,BRL,Hire,IC3,BR,Procurement,4070.0
534,2016-12-01,2361.01,BRL,Hire,IC1,BR,Engineering,2596.0
535,2016-12-09,2891.82,BRL,Hire,IC2,BR,Procurement,2970.0
536,2016-12-09,2895.67,BRL,Hire,IC1,BR,Procurement,2200.0
537,2016-12-09,6836.58,BRL,Hire,IC5,BR,Marketing,7480.0
538,2016-12-01,2530.44,BRL,Hire,IC1,BR,Visual Merchandising,2310.0
539,2016-12-09,6188.98,BRL,Hire,M2,BR,Strategy,6600.0
540,2016-12-08,2980.01,BRL,Hire,IC2,BR,Regional Operations,2732.4
541,2016-12-10,838974.38,ARS,Hire,IC3,AR,Planning,851000.0
542,2016-12-12,324246.26,ARS,Hire,IC1,AR,Regional Operations,368000.0
543,2016-12-02,3444.63,BRL,Hire,IC3,BR,Legal,4070.0
544,2017-03-08,1673.24,BRL,Hire,IC1,BR,Visual Merchandising,2024.0
545,2017-03-12,1794.01,BRL,Hire,IC1,BR,Sales,2200.0
546,2017-03-01,2256.01,BRL,Hire,IC1,BR,Store Operations,2024.0
547,2017-03-04,2547.41,BRL,Hire,IC1,BR,Strategy,2200.0
548,2017-03-09,1955.02,BRL,Hire,IC1,BR,Store Operations,2024.0
549,2017-03-03,2481.47,BRL,Hire,IC1,BR,Sales,2200.0
550,2017-03-04,2967.5,BRL,Hire,IC2,BR,Customer Operations,2613.6
551,2017-03-06,3419.34,BRL,Hire,IC3,BR,Procurement,4070.0
552,2017-03-05,4802.57,BRL,Hire,M1,BR,Customer Experience,4259.2
553,2017-03-05,2893.57,BRL,Hire,IC2,BR,Customer Operations,2970.0
554,2017-03-11,1832.22,BRL,Hire,IC1,BR,Store Operations,2024.0
555,2017-03-06,5689.6,BRL,Hire,IC5,BR,Distribution Centers,6732.0
556,2017-03-02,2579.39,BRL,Hire,IC2,BR,Strategy,2970.0
557,2017-03-07,2698.27,BRL,Hire,IC2,BR,Data & Analytics,3415.5
558,2017-03-10,1991.01,BRL,Hire,IC1,BR,Sales,2200.0
559,2017-03-07,2711.05,BRL,Hire,IC1,BR,Sales,2200.0
560,2017-03-11,3305.79,BRL,Hire,IC2,BR,Planning,3415.5
561,2017-03-06,1826.03,BRL,Hire,IC1,BR,Procurement,2200.0
287,2017-03-15,2029.3,BRL,Promotion,IC2,BR,Store Operations,2732.4
224,2017-03-15,2707.95,BRL,Promotion,IC2,BR,Visual Merchandising,2732.4
173,2017-03-15,2367.35,BRL,Promotion,IC2,BR,Visual Merchandising,2732.4
316,2017-03-15,3069.86,BRL,Promotion,IC3,BR,Store Operations,3744.4
216,2017-03-15,2838.31,BRL,Promotion,IC2,BR,Customer Experience,3118.5
70,2017-03-15,6511.78,BRL,Promotion,M2,BR,Data,7590.0
283,2017-03-15,4127.71,BRL,Promotion,IC3,BR,Engineering,4802.6
404,2017-03-15,5092.87,BRL,Promotion,IC4,BR,Product,6283.2
153,2017-03-15,7726.13,BRL,Promotion,M1,BR,Data,5566.0
210,2017-03-15,6274.42,BRL,Promotion,IC4,BR,Engineering,6619.8
47,2017-03-15,2842.46,BRL,Promotion,IC3,BR,Procurement,4070.0
232,2017-03-15,3295.57,BRL,Promotion,IC3,BR,Data & Analytics,4680.5
562,2017-04-08,3582.33,BRL,Hire,IC2,BR,Data & Analytics,3415.5
563,2017-04-02,406573.35,ARS,Hire,IC1,AR,Visual Merchandising,368000.0
564,2017-04-14,6950.77,BRL,Hire,M2,BR,Procurement,6600.0
565,2017-04-06,2323.65,BRL,Hire,IC1,BR,UX,2310.0
566,2017-04-04,5824.68,BRL,Hire,IC4,BR,Digital Marketing,5610.0
567,2017-04-14,7247.84,BRL,Hire,M2,BR,Store Operations,6072.0
568,2017-04-14,2707.76,BRL,Hire,IC2,BR,Logistics,2970.0
569,2017-04-02,2885.76,BRL,Hire,IC2,BR,Digital Marketing,2970.0
570,2017-04-06,5790.07,BRL,Hire,IC4,BR,Product,6283.2
571,2017-04-06,1969.46,BRL,Hire,IC1,BR,Sales,2200.0
572,2017-04-11,494817.84,ARS,Hire,IC1,AR,Visual Merchandising,420000.0
573,2017-04-13,1912.75,BRL,Hire,IC1,BR,Regional Operations,2024.0
574,2017-04-10,346620.65,ARS,Hire,IC1,AR,Sales,400000.0
575,2017-04-04,470522.29,ARS,Hire,IC1,AR,Sales,400000.0
576,2017-04-14,4593.87,BRL,Hire,IC3,BR,Digital Marketing,4070.0
3,2017-04-01,2350.52,BRL,Merit,IC1,BR,Distribution Centers,1980.0
6,2017-04-01,4674.32,BRL,Merit,IC3,BR,Product,4558.4
8,2017-04-01,5603.95,BRL,Merit,M2,BR,Digital Marketing,6600.0
9,2017-04-01,3743.93,BRL,Merit,IC3,BR,Planning,4070.0
10,2017-04-01,9276.3,BRL,Merit,M3,BR,Procurement,9240.0
11,2017-04-01,2836.2,BRL,Merit,IC2,BR,Visual Merchandising,3118.5
12,2017-04-01,3521.75,BRL,Merit,IC2,BR,Regional Operations,2970.0
13,2017-04-01,2153.75,BRL,Merit,IC1,BR,Regional Operations,2024.0
14,2017-04-01,9332.58,BRL,Merit,M3,BR,Marketing,9240.0
15,2017-04-01,2758.82,BRL,Merit,IC1,BR,Sales,2200.0
16,2017-04-01,1691.02,BRL,Merit,IC1,BR,Customer Experience,1936.0
17,2017-04-01,2318.79,BRL,Merit,IC1,BR,Sales,2200.0
18,2017-04-01,3162.97,BRL,Merit,IC3,BR,Regional Operations,4070.0
20,2017-04-01,2257.74,BRL,Merit,IC1,BR,Distribution Centers,1980.0
21,2017-04-01,2437.09,BRL,Merit,IC2,BR,Store Operations,2732.4
22,2017-04-01,2313.68,BRL,Merit,IC1,BR,Legal,2200.0
24,2017-04-01,3045.76,BRL,Merit,IC2,BR,Sales,2970.0
26,2017-04-01,3223.74,BRL,Merit,IC2,BR,Sales,2970.0
27,2017-04-01,3896.92,BRL,Merit,IC3,BR,Finance,4070.0
28,2017-04-01,1831.91,BRL,Merit,IC1,BR,Finance,2200.0
29,2017-04-01,7013.23,BRL,Merit,IC5,BR,Strategy,7480.0
30,2017-04-01,1603.66,BRL,Merit,IC1,BR,Customer Operations,1936.0
31,2017-04-01,3522.15,BRL,Merit,IC2,BR,Regional Operations,2732.4
32,2017-04-01,3083.58,BRL,Merit,IC2,BR,Visual Merchandising,2732.4
33,2017-04-01,2460.15,BRL,Merit,IC1,BR,Sales,2200.0
34,2017-04-01,4546.04,BRL,Merit,IC3,BR,Regional Operations,4070.0
36,2017-04-01,1514.01,BRL,Merit,IC1,BR,Distribution Centers,1980.0
38,2017-04-01,3585.73,BRL,Merit,IC2,BR,Logistics,2970.0
42,2017-04-01,3233.27,BRL,Merit,IC2,BR,Sales,2970.0
43,2017-04-01,2091.41,BRL,Merit,IC1,BR,Distribution Centers,1980.0
45,2017-04-01,6089.86,BRL,Merit,IC4,BR,Procurement,5610.0
46,2017-04-01,2026.42,BRL,Merit,IC1,BR,Procurement,2200.0
47,2017-04-01,3068.76,BRL,Merit,IC3,BR,Procurement,4070.0
48,2017-04-01,3071.2,BRL,Merit,IC3,BR,Distribution Centers,3663.0
49,2017-04-01,2263.5,BRL,Merit,IC2,BR,Procurement,2970.0
50,2017-04-01,2677.22,BRL,Merit,IC1,BR,Data & Analytics,2530.0
55,2017-04-01,3110.86,BRL,Merit,IC2,BR,Legal,2970.0
57,2017-04-01,2099.31,BRL,Merit,IC1,BR,People,2200.0
59,2017-04-01,2260.47,BRL,Merit,IC1,BR,Strategy,2200.0
60,2017-04-01,5596.29,BRL,Merit,IC4,BR,Marketing,5610.0
61,2017-04-01,3512.66,BRL,Merit,IC2,BR,Sales,2970.0
62,2017-04-01,19464.21,BRL,Merit,D1,BR,Procurement,20900.0
63,2017-04-01,1600.63,BRL,Merit,IC1,BR,Distribution Centers,1980.0
64,2017-04-01,2024.32,BRL,Merit,IC1,BR,Sales,2200.0
65,2017-04-01,6095.06,BRL,Merit,M2,BR,Sales,6600.0
66,2017-04-01,1967.65,BRL,Merit,IC1,BR,Store Operations,2024.0
68,2017-04-01,1930.02,BRL,Merit,IC1,BR,Store Operations,2024.0
69,2017-04-01,2425.06,BRL,Merit,IC1,BR,Logistics,2200.0
70,2017-04-01,6654.86,BRL,Merit,M2,BR,Data,7590.0
71,2017-04-01,3047.28,BRL,Merit,IC2,BR,Visual Merchandising,3118.5
72,2017-04-01,2474.41,BRL,Merit,IC1,BR,Risk,2200.0
73,2017-04-01,3274.31,BRL,Merit,IC2,BR,Risk,2970.0
74,2017-04-01,2170.59,BRL,Merit,IC1,BR,Sales,2200.0
75,2017-04-01,2552.36,BRL,Merit,IC1,BR,Legal,2200.0
76,2017-04-01,2244.79,BRL,Merit,IC1,BR,People,2200.0
77,2017-04-01,3142.84,BRL,Merit,IC2,BR,Store Operations,2732.4
78,2017-04-01,2544.79,BRL,Merit,IC1,BR,Visual Merchandising,2310.0
79,2017-04-01,5205.98,BRL,Merit,M1,BR,Sales,4840.0
80,2017-04-01,2689.54,BRL,Merit,IC1,BR,Regional Operations,2200.0
81,2017-04-01,5584.47,BRL,Merit,IC3,BR,Product,4558.4
82,2017-04-01,6858.57,BRL,Merit,IC4,BR,Procurement,5610.0
83,2017-04-01,1803.55,BRL,Merit,IC1,BR,Customer Service,1936.0
84,2017-04-01,2532.04,BRL,Merit,IC1,BR,Procurement,2200.0
85,2017-04-01,1804.19,BRL,Merit,IC1,BR,Sales,2200.0
86,2017-04-01,8062.13,BRL,Merit,IC4,BR,Engineering,6619.8
87,2017-04-01,2519.76,BRL,Merit,IC1,BR,Customer Experience,2310.0
89,2017-04-01,3699.33,BRL,Merit,IC3,BR,Finance,4070.0
90,2017-04-01,3688.16,BRL,Merit,IC2,BR,Customer Experience,3118.5
91,2017-04-01,2205.7,BRL,Merit,IC1,BR,Store Operations,2024.0
92,2017-04-01,7697.85,BRL,Merit,IC4,BR,Data & Analytics,6451.5
93,2017-04-01,2282.15,BRL,Merit,IC1,BR,Customer Service,1936.0
