country,job_level,job_family,currency,band_min,band_mid,band_max,valid_from,valid_to
BR,IC1,Software Engineering,BRL,2076.8,2596.0,3115.2,2016-01-01,
BR,IC1,Data,BRL,2024.0,2530.0,3036.0,2016-01-01,
BR,IC1,Product Management,BRL,1971.2,2464.0,2956.8,2016-01-01,
BR,IC1,Design,BRL,1848.0,2310.0,2772.0,2016-01-01,
BR,IC1,Store Operations,BRL,1619.2,2024.0,2428.8,2016-01-01,
BR,IC1,Sales,BRL,1760.0,2200.0,2640.0,2016-01-01,
BR,IC1,Logistics,BRL,1760.0,2200.0,2640.0,2016-01-01,
BR,IC1,Warehouse,BRL,1584.0,1980.0,2376.0,2016-01-01,
BR,IC1,Customer Support,BRL,1548.8,1936.0,2323.2,2016-01-01,
BR,IC1,Marketing,BRL,1760.0,2200.0,2640.0,2016-01-01,
BR,IC1,Finance,BRL,1760.0,2200.0,2640.0,2016-01-01,
BR,IC1,People,BRL,1760.0,2200.0,2640.0,2016-01-01,
BR,IC1,Legal,BRL,1760.0,2200.0,2640.0,2016-01-01,
BR,IC1,Procurement,BRL,1760.0,2200.0,2640.0,2016-01-01,
BR,IC1,Risk & Compliance,BRL,1760.0,2200.0,2640.0,2016-01-01,
BR,IC1,Strategy,BRL,1760.0,2200.0,2640.0,2016-01-01,
BR,IC1,Marketplace Operations,BRL,1760.0,2200.0,2640.0,2016-01-01,
BR,IC1,General Management,BRL,1760.0,2200.0,2640.0,2016-01-01,
BR,IC2,Software Engineering,BRL,2803.68,3504.6,4205.52,2016-01-01,
BR,IC2,Data,BRL,2732.4,3415.5,4098.6,2016-01-01,
BR,IC2,Product Management,BRL,2661.12,3326.4,3991.68,2016-01-01,
BR,IC2,Design,BRL,2494.8,3118.5,3742.2,2016-01-01,
BR,IC2,Store Operations,BRL,2185.92,2732.4,3278.88,2016-01-01,
BR,IC2,Sales,BRL,2376.0,2970.0,3564.0,2016-01-01,
BR,IC2,Logistics,BRL,2376.0,2970.0,3564.0,2016-01-01,
BR,IC2,Warehouse,BRL,2138.4,2673.0,3207.6,2016-01-01,
BR,IC2,Customer Support,BRL,2090.88,2613.6,3136.32,2016-01-01,
BR,IC2,Marketing,BRL,2376.0,2970.0,3564.0,2016-01-01,
BR,IC2,Finance,BRL,2376.0,2970.0,3564.0,2016-01-01,
BR,IC2,People,BRL,2376.0,2970.0,3564.0,2016-01-01,
BR,IC2,Legal,BRL,2376.0,2970.0,3564.0,2016-01-01,
BR,IC2,Procurement,BRL,2376.0,2970.0,3564.0,2016-01-01,
BR,IC2,Risk & Compliance,BRL,2376.0,2970.0,3564.0,2016-01-01,
BR,IC2,Strategy,BRL,2376.0,2970.0,3564.0,2016-01-01,
BR,IC2,Marketplace Operations,BRL,2376.0,2970.0,3564.0,2016-01-01,
BR,IC2,General Management,BRL,2376.0,2970.0,3564.0,2016-01-01,
BR,IC3,Software Engineering,BRL,3842.08,4802.6,5763.12,2016-01-01,
BR,IC3,Data,BRL,3744.4,4680.5,5616.6,2016-01-01,
BR,IC3,Product Management,BRL,3646.72,4558.4,5470.08,2016-01-01,
BR,IC3,Design,BRL,3418.8,4273.5,5128.2,2016-01-01,
BR,IC3,Store Operations,BRL,2995.52,3744.4,4493.28,2016-01-01,
BR,IC3,Sales,BRL,3256.0,4070.0,4884.0,2016-01-01,
BR,IC3,Logistics,BRL,3256.0,4070.0,4884.0,2016-01-01,
BR,IC3,Warehouse,BRL,2930.4,3663.0,4395.6,2016-01-01,
BR,IC3,Customer Support,BRL,2865.28,3581.6,4297.92,2016-01-01,
BR,IC3,Marketing,BRL,3256.0,4070.0,4884.0,2016-01-01,
BR,IC3,Finance,BRL,3256.0,4070.0,4884.0,2016-01-01,
BR,IC3,People,BRL,3256.0,4070.0,4884.0,2016-01-01,
BR,IC3,Legal,BRL,3256.0,4070.0,4884.0,2016-01-01,
BR,IC3,Procurement,BRL,3256.0,4070.0,4884.0,2016-01-01,
BR,IC3,Risk & Compliance,BRL,3256.0,4070.0,4884.0,2016-01-01,
BR,IC3,Strategy,BRL,3256.0,4070.0,4884.0,2016-01-01,
BR,IC3,Marketplace Operations,BRL,3256.0,4070.0,4884.0,2016-01-01,
BR,IC3,General Management,BRL,3256.0,4070.0,4884.0,2016-01-01,
BR,IC4,Software Engineering,BRL,5295.84,6619.8,7943.76,2016-01-01,
BR,IC4,Data,BRL,5161.2,6451.5,7741.8,2016-01-01,
BR,IC4,Product Management,BRL,5026.56,6283.2,7539.84,2016-01-01,
BR,IC4,Design,BRL,4712.4,5890.5,7068.6,2016-01-01,
BR,IC4,Store Operations,BRL,4128.96,5161.2,6193.44,2016-01-01,
BR,IC4,Sales,BRL,4488.0,5610.0,6732.0,2016-01-01,
BR,IC4,Logistics,BRL,4488.0,5610.0,6732.0,2016-01-01,
BR,IC4,Warehouse,BRL,4039.2,5049.0,6058.8,2016-01-01,
BR,IC4,Customer Support,BRL,3949.44,4936.8,5924.16,2016-01-01,
BR,IC4,Marketing,BRL,4488.0,5610.0,6732.0,2016-01-01,
BR,IC4,Finance,BRL,4488.0,5610.0,6732.0,2016-01-01,
BR,IC4,People,BRL,4488.0,5610.0,6732.0,2016-01-01,
BR,IC4,Legal,BRL,4488.0,5610.0,6732.0,2016-01-01,
BR,IC4,Procurement,BRL,4488.0,5610.0,6732.0,2016-01-01,
BR,IC4,Risk & Compliance,BRL,4488.0,5610.0,6732.0,2016-01-01,
BR,IC4,Strategy,BRL,4488.0,5610.0,6732.0,2016-01-01,
BR,IC4,Marketplace Operations,BRL,4488.0,5610.0,6732.0,2016-01-01,
BR,IC4,General Management,BRL,4488.0,5610.0,6732.0,2016-01-01,
BR,IC5,Software Engineering,BRL,7061.12,8826.4,10591.68,2016-01-01,
BR,IC5,Data,BRL,6881.6,8602.0,10322.4,2016-01-01,
BR,IC5,Product Management,BRL,6702.08,8377.6,10053.12,2016-01-01,
BR,IC5,Design,BRL,6283.2,7854.0,9424.8,2016-01-01,
BR,IC5,Store Operations,BRL,5505.28,6881.6,8257.92,2016-01-01,
BR,IC5,Sales,BRL,5984.0,7480.0,8976.0,2016-01-01,
BR,IC5,Logistics,BRL,5984.0,7480.0,8976.0,2016-01-01,
BR,IC5,Warehouse,BRL,5385.6,6732.0,8078.4,2016-01-01,
BR,IC5,Customer Support,BRL,5265.92,6582.4,7898.88,2016-01-01,
BR,IC5,Marketing,BRL,5984.0,7480.0,8976.0,2016-01-01,
BR,IC5,Finance,BRL,5984.0,7480.0,8976.0,2016-01-01,
BR,IC5,People,BRL,5984.0,7480.0,8976.0,2016-01-01,
BR,IC5,Legal,BRL,5984.0,7480.0,8976.0,2016-01-01,
BR,IC5,Procurement,BRL,5984.0,7480.0,8976.0,2016-01-01,
BR,IC5,Risk & Compliance,BRL,5984.0,7480.0,8976.0,2016-01-01,
BR,IC5,Strategy,BRL,5984.0,7480.0,8976.0,2016-01-01,
BR,IC5,Marketplace Operations,BRL,5984.0,7480.0,8976.0,2016-01-01,
BR,IC5,General Management,BRL,5984.0,7480.0,8976.0,2016-01-01,
BR,M1,Software Engineering,BRL,4568.96,5711.2,6853.44,2016-01-01,
BR,M1,Data,BRL,4452.8,5566.0,6679.2,2016-01-01,
BR,M1,Product Management,BRL,4336.64,5420.8,6504.96,2016-01-01,
BR,M1,Design,BRL,4065.6,5082.0,6098.4,2016-01-01,
BR,M1,Store Operations,BRL,3562.24,4452.8,5343.36,2016-01-01,
BR,M1,Sales,BRL,3872.0,4840.0,5808.0,2016-01-01,
BR,M1,Logistics,BRL,3872.0,4840.0,5808.0,2016-01-01,
BR,M1,Warehouse,BRL,3484.8,4356.0,5227.2,2016-01-01,
BR,M1,Customer Support,BRL,3407.36,4259.2,5111.04,2016-01-01,
BR,M1,Marketing,BRL,3872.0,4840.0,5808.0,2016-01-01,
BR,M1,Finance,BRL,3872.0,4840.0,5808.0,2016-01-01,
BR,M1,People,BRL,3872.0,4840.0,5808.0,2016-01-01,
BR,M1,Legal,BRL,3872.0,4840.0,5808.0,2016-01-01,
BR,M1,Procurement,BRL,3872.0,4840.0,5808.0,2016-01-01,
BR,M1,Risk & Compliance,BRL,3872.0,4840.0,5808.0,2016-01-01,
BR,M1,Strategy,BRL,3872.0,4840.0,5808.0,2016-01-01,
BR,M1,Marketplace Operations,BRL,3872.0,4840.0,5808.0,2016-01-01,
BR,M1,General Management,BRL,3872.0,4840.0,5808.0,2016-01-01,
BR,M2,Software Engineering,BRL,6230.4,7788.0,9345.6,2016-01-01,
BR,M2,Data,BRL,6072.0,7590.0,9108.0,2016-01-01,
BR,M2,Product Management,BRL,5913.6,7392.0,8870.4,2016-01-01,
BR,M2,Design,BRL,5544.0,6930.0,8316.0,2016-01-01,
BR,M2,Store Operations,BRL,4857.6,6072.0,7286.4,2016-01-01,
BR,M2,Sales,BRL,5280.0,6600.0,7920.0,2016-01-01,
BR,M2,Logistics,BRL,5280.0,6600.0,7920.0,2016-01-01,
BR,M2,Warehouse,BRL,4752.0,5940.0,7128.0,2016-01-01,
BR,M2,Customer Support,BRL,4646.4,5808.0,6969.6,2016-01-01,
BR,M2,Marketing,BRL,5280.0,6600.0,7920.0,2016-01-01,
BR,M2,Finance,BRL,5280.0,6600.0,7920.0,2016-01-01,
BR,M2,People,BRL,5280.0,6600.0,7920.0,2016-01-01,
BR,M2,Legal,BRL,5280.0,6600.0,7920.0,2016-01-01,
BR,M2,Procurement,BRL,5280.0,6600.0,7920.0,2016-01-01,
BR,M2,Risk & Compliance,BRL,5280.0,6600.0,7920.0,2016-01-01,
BR,M2,Strategy,BRL,5280.0,6600.0,7920.0,2016-01-01,
BR,M2,Marketplace Operations,BRL,5280.0,6600.0,7920.0,2016-01-01,
BR,M2,General Management,BRL,5280.0,6600.0,7920.0,2016-01-01,
BR,M3,Software Engineering,BRL,8722.56,10903.2,13083.84,2016-01-01,
BR,M3,Data,BRL,8500.8,10626.0,12751.2,2016-01-01,
BR,M3,Product Management,BRL,8279.04,10348.8,12418.56,2016-01-01,
BR,M3,Design,BRL,7761.6,9702.0,11642.4,2016-01-01,
BR,M3,Store Operations,BRL,6800.64,8500.8,10200.96,2016-01-01,
BR,M3,Sales,BRL,7392.0,9240.0,11088.0,2016-01-01,
BR,M3,Logistics,BRL,7392.0,9240.0,11088.0,2016-01-01,
BR,M3,Warehouse,BRL,6652.8,8316.0,9979.2,2016-01-01,
BR,M3,Customer Support,BRL,6504.96,8131.2,9757.44,2016-01-01,
BR,M3,Marketing,BRL,7392.0,9240.0,11088.0,2016-01-01,
BR,M3,Finance,BRL,7392.0,9240.0,11088.0,2016-01-01,
BR,M3,People,BRL,7392.0,9240.0,11088.0,2016-01-01,
BR,M3,Legal,BRL,7392.0,9240.0,11088.0,2016-01-01,
BR,M3,Procurement,BRL,7392.0,9240.0,11088.0,2016-01-01,
BR,M3,Risk & Compliance,BRL,7392.0,9240.0,11088.0,2016-01-01,
BR,M3,Strategy,BRL,7392.0,9240.0,11088.0,2016-01-01,
BR,M3,Marketplace Operations,BRL,7392.0,9240.0,11088.0,2016-01-01,
BR,M3,General Management,BRL,7392.0,9240.0,11088.0,2016-01-01,
BR,M4,Software Engineering,BRL,12045.44,15056.8,18068.16,2016-01-01,
BR,M4,Data,BRL,11739.2,14674.0,17608.8,2016-01-01,
BR,M4,Product Management,BRL,11432.96,14291.2,17149.44,2016-01-01,
BR,M4,Design,BRL,10718.4,13398.0,16077.6,2016-01-01,
BR,M4,Store Operations,BRL,9391.36,11739.2,14087.04,2016-01-01,
BR,M4,Sales,BRL,10208.0,12760.0,15312.0,2016-01-01,
BR,M4,Logistics,BRL,10208.0,12760.0,15312.0,2016-01-01,
BR,M4,Warehouse,BRL,9187.2,11484.0,13780.8,2016-01-01,
BR,M4,Customer Support,BRL,8983.04,11228.8,13474.56,2016-01-01,
BR,M4,Marketing,BRL,10208.0,12760.0,15312.0,2016-01-01,
BR,M4,Finance,BRL,10208.0,12760.0,15312.0,2016-01-01,
BR,M4,People,BRL,10208.0,12760.0,15312.0,2016-01-01,
BR,M4,Legal,BRL,10208.0,12760.0,15312.0,2016-01-01,
BR,M4,Procurement,BRL,10208.0,12760.0,15312.0,2016-01-01,
BR,M4,Risk & Compliance,BRL,10208.0,12760.0,15312.0,2016-01-01,
BR,M4,Strategy,BRL,10208.0,12760.0,15312.0,2016-01-01,
BR,M4,Marketplace Operations,BRL,10208.0,12760.0,15312.0,2016-01-01,
BR,M4,General Management,BRL,10208.0,12760.0,15312.0,2016-01-01,
BR,M5,Software Engineering,BRL,15576.0,19470.0,23364.0,2016-01-01,
BR,M5,Data,BRL,15180.0,18975.0,22770.0,2016-01-01,
BR,M5,Product Management,BRL,14784.0,18480.0,22176.0,2016-01-01,
BR,M5,Design,BRL,13860.0,17325.0,20790.0,2016-01-01,
BR,M5,Store Operations,BRL,12144.0,15180.0,18216.0,2016-01-01,
BR,M5,Sales,BRL,13200.0,16500.0,19800.0,2016-01-01,
BR,M5,Logistics,BRL,13200.0,16500.0,19800.0,2016-01-01,
BR,M5,Warehouse,BRL,11880.0,14850.0,17820.0,2016-01-01,
BR,M5,Customer Support,BRL,11616.0,14520.0,17424.0,2016-01-01,
BR,M5,Marketing,BRL,13200.0,16500.0,19800.0,2016-01-01,
BR,M5,Finance,BRL,13200.0,16500.0,19800.0,2016-01-01,
BR,M5,People,BRL,13200.0,16500.0,19800.0,2016-01-01,
BR,M5,Legal,BRL,13200.0,16500.0,19800.0,2016-01-01,
BR,M5,Procurement,BRL,13200.0,16500.0,19800.0,2016-01-01,
BR,M5,Risk & Compliance,BRL,13200.0,16500.0,19800.0,2016-01-01,
BR,M5,Strategy,BRL,13200.0,16500.0,19800.0,2016-01-01,
BR,M5,Marketplace Operations,BRL,13200.0,16500.0,19800.0,2016-01-01,
BR,M5,General Management,BRL,13200.0,16500.0,19800.0,2016-01-01,
BR,D1,Software Engineering,BRL,19729.6,24662.0,29594.4,2016-01-01,
BR,D1,Data,BRL,19228.0,24035.0,28842.0,2016-01-01,
BR,D1,Product Management,BRL,18726.4,23408.0,28089.6,2016-01-01,
BR,D1,Design,BRL,17556.0,21945.0,26334.0,2016-01-01,
BR,D1,Store Operations,BRL,15382.4,19228.0,23073.6,2016-01-01,
BR,D1,Sales,BRL,16720.0,20900.0,25080.0,2016-01-01,
BR,D1,Logistics,BRL,16720.0,20900.0,25080.0,2016-01-01,
BR,D1,Warehouse,BRL,15048.0,18810.0,22572.0,2016-01-01,
BR,D1,Customer Support,BRL,14713.6,18392.0,22070.4,2016-01-01,
BR,D1,Marketing,BRL,16720.0,20900.0,25080.0,2016-01-01,
BR,D1,Finance,BRL,16720.0,20900.0,25080.0,2016-01-01,
BR,D1,People,BRL,16720.0,20900.0,25080.0,2016-01-01,
BR,D1,Legal,BRL,16720.0,20900.0,25080.0,2016-01-01,
BR,D1,Procurement,BRL,16720.0,20900.0,25080.0,2016-01-01,
BR,D1,Risk & Compliance,BRL,16720.0,20900.0,25080.0,2016-01-01,
BR,D1,Strategy,BRL,16720.0,20900.0,25080.0,2016-01-01,
BR,D1,Marketplace Operations,BRL,16720.0,20900.0,25080.0,2016-01-01,
BR,D1,General Management,BRL,16720.0,20900.0,25080.0,2016-01-01,
BR,D2,Software Engineering,BRL,26998.4,33748.0,40497.6,2016-01-01,
BR,D2,Data,BRL,26312.0,32890.0,39468.0,2016-01-01,
BR,D2,Product Management,BRL,25625.6,32032.0,38438.4,2016-01-01,
BR,D2,Design,BRL,24024.0,30030.0,36036.0,2016-01-01,
BR,D2,Store Operations,BRL,21049.6,26312.0,31574.4,2016-01-01,
BR,D2,Sales,BRL,22880.0,28600.0,34320.0,2016-01-01,
BR,D2,Logistics,BRL,22880.0,28600.0,34320.0,2016-01-01,
BR,D2,Warehouse,BRL,20592.0,25740.0,30888.0,2016-01-01,
BR,D2,Customer Support,BRL,20134.4,25168.0,30201.6,2016-01-01,
BR,D2,Marketing,BRL,22880.0,28600.0,34320.0,2016-01-01,
BR,D2,Finance,BRL,22880.0,28600.0,34320.0,2016-01-01,
BR,D2,People,BRL,22880.0,28600.0,34320.0,2016-01-01,
BR,D2,Legal,BRL,22880.0,28600.0,34320.0,2016-01-01,
BR,D2,Procurement,BRL,22880.0,28600.0,34320.0,2016-01-01,
BR,D2,Risk & Compliance,BRL,22880.0,28600.0,34320.0,2016-01-01,
BR,D2,Strategy,BRL,22880.0,28600.0,34320.0,2016-01-01,
BR,D2,Marketplace Operations,BRL,22880.0,28600.0,34320.0,2016-01-01,
BR,D2,General Management,BRL,22880.0,28600.0,34320.0,2016-01-01,
BR,D3,Software Engineering,BRL,39459.2,49324.0,59188.8,2016-01-01,
BR,D3,Data,BRL,38456.0,48070.0,57684.0,2016-01-01,
BR,D3,Product Management,BRL,37452.8,46816.0,56179.2,2016-01-01,
BR,D3,Design,BRL,35112.0,43890.0,52668.0,2016-01-01,
BR,D3,Store Operations,BRL,30764.8,38456.0,46147.2,2016-01-01,
BR,D3,Sales,BRL,33440.0,41800.0,50160.0,2016-01-01,
BR,D3,Logistics,BRL,33440.0,41800.0,50160.0,2016-01-01,
BR,D3,Warehouse,BRL,30096.0,37620.0,45144.0,2016-01-01,
BR,D3,Customer Support,BRL,29427.2,36784.0,44140.8,2016-01-01,
BR,D3,Marketing,BRL,33440.0,41800.0,50160.0,2016-01-01,
BR,D3,Finance,BRL,33440.0,41800.0,50160.0,2016-01-01,
BR,D3,People,BRL,33440.0,41800.0,50160.0,2016-01-01,
BR,D3,Legal,BRL,33440.0,41800.0,50160.0,2016-01-01,
BR,D3,Procurement,BRL,33440.0,41800.0,50160.0,2016-01-01,
BR,D3,Risk & Compliance,BRL,33440.0,41800.0,50160.0,2016-01-01,
BR,D3,Strategy,BRL,33440.0,41800.0,50160.0,2016-01-01,
BR,D3,Marketplace Operations,BRL,33440.0,41800.0,50160.0,2016-01-01,
BR,D3,General Management,BRL,33440.0,41800.0,50160.0,2016-01-01,
AR,IC1,Software Engineering,ARS,377600.0,472000.0,566400.0,2016-01-01,
AR,IC1,Data,ARS,368000.0,460000.0,552000.0,2016-01-01,
AR,IC1,Product Management,ARS,358400.0,448000.0,537600.0,2016-01-01,
AR,IC1,Design,ARS,336000.0,420000.0,504000.0,2016-01-01,
AR,IC1,Store Operations,ARS,294400.0,368000.0,441600.0,2016-01-01,
AR,IC1,Sales,ARS,320000.0,400000.0,480000.0,2016-01-01,
AR,IC1,Logistics,ARS,320000.0,400000.0,480000.0,2016-01-01,
AR,IC1,Warehouse,ARS,288000.0,360000.0,432000.0,2016-01-01,
AR,IC1,Customer Support,ARS,281600.0,352000.0,422400.0,2016-01-01,
AR,IC1,Marketing,ARS,320000.0,400000.0,480000.0,2016-01-01,
AR,IC1,Finance,ARS,320000.0,400000.0,480000.0,2016-01-01,
AR,IC1,People,ARS,320000.0,400000.0,480000.0,2016-01-01,
AR,IC1,Legal,ARS,320000.0,400000.0,480000.0,2016-01-01,
AR,IC1,Procurement,ARS,320000.0,400000.0,480000.0,2016-01-01,
AR,IC1,Risk & Compliance,ARS,320000.0,400000.0,480000.0,2016-01-01,
AR,IC1,Strategy,ARS,320000.0,400000.0,480000.0,2016-01-01,
AR,IC1,Marketplace Operations,ARS,320000.0,400000.0,480000.0,2016-01-01,
AR,IC1,General Management,ARS,320000.0,400000.0,480000.0,2016-01-01,
AR,IC2,Software Engineering,ARS,509760.0,637200.0,764640.0,2016-01-01,
AR,IC2,Data,ARS,496800.0,621000.0,745200.0,2016-01-01,
AR,IC2,Product Management,ARS,483840.0,604800.0,725760.0,2016-01-01,
AR,IC2,Design,ARS,453600.0,567000.0,680400.0,2016-01-01,
AR,IC2,Store Operations,ARS,397440.0,496800.0,596160.0,2016-01-01,
AR,IC2,Sales,ARS,432000.0,540000.0,648000.0,2016-01-01,
AR,IC2,Logistics,ARS,432000.0,540000.0,648000.0,2016-01-01,
AR,IC2,Warehouse,ARS,388800.0,486000.0,583200.0,2016-01-01,
AR,IC2,Customer Support,ARS,380160.0,475200.0,570240.0,2016-01-01,
AR,IC2,Marketing,ARS,432000.0,540000.0,648000.0,2016-01-01,
AR,IC2,Finance,ARS,432000.0,540000.0,648000.0,2016-01-01,
AR,IC2,People,ARS,432000.0,540000.0,648000.0,2016-01-01,
AR,IC2,Legal,ARS,432000.0,540000.0,648000.0,2016-01-01,
AR,IC2,Procurement,ARS,432000.0,540000.0,648000.0,2016-01-01,
AR,IC2,Risk & Compliance,ARS,432000.0,540000.0,648000.0,2016-01-01,
AR,IC2,Strategy,ARS,432000.0,540000.0,648000.0,2016-01-01,
AR,IC2,Marketplace Operations,ARS,432000.0,540000.0,648000.0,2016-01-01,
AR,IC2,General Management,ARS,432000.0,540000.0,648000.0,2016-01-01,
AR,IC3,Software Engineering,ARS,698560.0,873200.0,1047840.0,2016-01-01,
AR,IC3,Data,ARS,680800.0,851000.0,1021200.0,2016-01-01,
AR,IC3,Product Management,ARS,663040.0,828800.0,994560.0,2016-01-01,
AR,IC3,Design,ARS,621600.0,777000.0,932400.0,2016-01-01,
AR,IC3,Store Operations,ARS,544640.0,680800.0,816960.0,2016-01-01,
AR,IC3,Sales,ARS,592000.0,740000.0,888000.0,2016-01-01,
AR,IC3,Logistics,ARS,592000.0,740000.0,888000.0,2016-01-01,
AR,IC3,Warehouse,ARS,532800.0,666000.0,799200.0,2016-01-01,
AR,IC3,Customer Support,ARS,520960.0,651200.0,781440.0,2016-01-01,
AR,IC3,Marketing,ARS,592000.0,740000.0,888000.0,2016-01-01,
AR,IC3,Finance,ARS,592000.0,740000.0,888000.0,2016-01-01,
AR,IC3,People,ARS,592000.0,740000.0,888000.0,2016-01-01,
AR,IC3,Legal,ARS,592000.0,740000.0,888000.0,2016-01-01,
AR,IC3,Procurement,ARS,592000.0,740000.0,888000.0,2016-01-01,
AR,IC3,Risk & Compliance,ARS,592000.0,740000.0,888000.0,2016-01-01,
AR,IC3,Strategy,ARS,592000.0,740000.0,888000.0,2016-01-01,
AR,IC3,Marketplace Operations,ARS,592000.0,740000.0,888000.0,2016-01-01,
AR,IC3,General Management,ARS,592000.0,740000.0,888000.0,2016-01-01,
AR,IC4,Software Engineering,ARS,962880.0,1203600.0,1444320.0,2016-01-01,
AR,IC4,Data,ARS,938400.0,1173000.0,1407600.0,2016-01-01,
AR,IC4,Product Management,ARS,913920.0,1142400.0,1370880.0,2016-01-01,
AR,IC4,Design,ARS,856800.0,1071000.0,1285200.0,2016-01-01,
AR,IC4,Store Operations,ARS,750720.0,938400.0,1126080.0,2016-01-01,
AR,IC4,Sales,ARS,816000.0,1020000.0,1224000.0,2016-01-01,
AR,IC4,Logistics,ARS,816000.0,1020000.0,1224000.0,2016-01-01,
AR,IC4,Warehouse,ARS,734400.0,918000.0,1101600.0,2016-01-01,
AR,IC4,Customer Support,ARS,718080.0,897600.0,1077120.0,2016-01-01,
AR,IC4,Marketing,ARS,816000.0,1020000.0,1224000.0,2016-01-01,
AR,IC4,Finance,ARS,816000.0,1020000.0,1224000.0,2016-01-01,
AR,IC4,People,ARS,816000.0,1020000.0,1224000.0,2016-01-01,
AR,IC4,Legal,ARS,816000.0,1020000.0,1224000.0,2016-01-01,
AR,IC4,Procurement,ARS,816000.0,1020000.0,1224000.0,2016-01-01,
AR,IC4,Risk & Compliance,ARS,816000.0,1020000.0,1224000.0,2016-01-01,
AR,IC4,Strategy,ARS,816000.0,1020000.0,1224000.0,2016-01-01,
AR,IC4,Marketplace Operations,ARS,816000.0,1020000.0,1224000.0,2016-01-01,
AR,IC4,General Management,ARS,816000.0,1020000.0,1224000.0,2016-01-01,
AR,IC5,Software Engineering,ARS,1283840.0,1604800.0,1925760.0,2016-01-01,
AR,IC5,Data,ARS,1251200.0,1564000.0,1876800.0,2016-01-01,
AR,IC5,Product Management,ARS,1218560.0,1523200.0,1827840.0,2016-01-01,
AR,IC5,Design,ARS,1142400.0,1428000.0,1713600.0,2016-01-01,
AR,IC5,Store Operations,ARS,1000960.0,1251200.0,1501440.0,2016-01-01,
AR,IC5,Sales,ARS,1088000.0,1360000.0,1632000.0,2016-01-01,
AR,IC5,Logistics,ARS,1088000.0,1360000.0,1632000.0,2016-01-01,
AR,IC5,Warehouse,ARS,979200.0,1224000.0,1468800.0,2016-01-01,
AR,IC5,Customer Support,ARS,957440.0,1196800.0,1436160.0,2016-01-01,
AR,IC5,Marketing,ARS,1088000.0,1360000.0,1632000.0,2016-01-01,
AR,IC5,Finance,ARS,1088000.0,1360000.0,1632000.0,2016-01-01,
AR,IC5,People,ARS,1088000.0,1360000.0,1632000.0,2016-01-01,
AR,IC5,Legal,ARS,1088000.0,1360000.0,1632000.0,2016-01-01,
AR,IC5,Procurement,ARS,1088000.0,1360000.0,1632000.0,2016-01-01,
AR,IC5,Risk & Compliance,ARS,1088000.0,1360000.0,1632000.0,2016-01-01,
AR,IC5,Strategy,ARS,1088000.0,1360000.0,1632000.0,2016-01-01,
AR,IC5,Marketplace Operations,ARS,1088000.0,1360000.0,1632000.0,2016-01-01,
AR,IC5,General Management,ARS,1088000.0,1360000.0,1632000.0,2016-01-01,
AR,M1,Software Engineering,ARS,830720.0,1038400.0,1246080.0,2016-01-01,
AR,M1,Data,ARS,809600.0,1012000.0,1214400.0,2016-01-01,
AR,M1,Product Management,ARS,788480.0,985600.0,1182720.0,2016-01-01,
AR,M1,Design,ARS,739200.0,924000.0,1108800.0,2016-01-01,
AR,M1,Store Operations,ARS,647680.0,809600.0,971520.0,2016-01-01,
AR,M1,Sales,ARS,704000.0,880000.0,1056000.0,2016-01-01,
AR,M1,Logistics,ARS,704000.0,880000.0,1056000.0,2016-01-01,
AR,M1,Warehouse,ARS,633600.0,792000.0,950400.0,2016-01-01,
AR,M1,Customer Support,ARS,619520.0,774400.0,929280.0,2016-01-01,
AR,M1,Marketing,ARS,704000.0,880000.0,1056000.0,2016-01-01,
AR,M1,Finance,ARS,704000.0,880000.0,1056000.0,2016-01-01,
AR,M1,People,ARS,704000.0,880000.0,1056000.0,2016-01-01,
AR,M1,Legal,ARS,704000.0,880000.0,1056000.0,2016-01-01,
AR,M1,Procurement,ARS,704000.0,880000.0,1056000.0,2016-01-01,
AR,M1,Risk & Compliance,ARS,704000.0,880000.0,1056000.0,2016-01-01,
AR,M1,Strategy,ARS,704000.0,880000.0,1056000.0,2016-01-01,
AR,M1,Marketplace Operations,ARS,704000.0,880000.0,1056000.0,2016-01-01,
AR,M1,General Management,ARS,704000.0,880000.0,1056000.0,2016-01-01,
AR,M2,Software Engineering,ARS,1132800.0,1416000.0,1699200.0,2016-01-01,
AR,M2,Data,ARS,1104000.0,1380000.0,1656000.0,2016-01-01,
AR,M2,Product Management,ARS,1075200.0,1344000.0,1612800.0,2016-01-01,
AR,M2,Design,ARS,1008000.0,1260000.0,1512000.0,2016-01-01,
AR,M2,Store Operations,ARS,883200.0,1104000.0,1324800.0,2016-01-01,
AR,M2,Sales,ARS,960000.0,1200000.0,1440000.0,2016-01-01,
AR,M2,Logistics,ARS,960000.0,1200000.0,1440000.0,2016-01-01,
AR,M2,Warehouse,ARS,864000.0,1080000.0,1296000.0,2016-01-01,
AR,M2,Customer Support,ARS,844800.0,1056000.0,1267200.0,2016-01-01,
AR,M2,Marketing,ARS,960000.0,1200000.0,1440000.0,2016-01-01,
AR,M2,Finance,ARS,960000.0,1200000.0,1440000.0,2016-01-01,
AR,M2,People,ARS,960000.0,1200000.0,1440000.0,2016-01-01,
AR,M2,Legal,ARS,960000.0,1200000.0,1440000.0,2016-01-01,
AR,M2,Procurement,ARS,960000.0,1200000.0,1440000.0,2016-01-01,
AR,M2,Risk & Compliance,ARS,960000.0,1200000.0,1440000.0,2016-01-01,
AR,M2,Strategy,ARS,960000.0,1200000.0,1440000.0,2016-01-01,
AR,M2,Marketplace Operations,ARS,960000.0,1200000.0,1440000.0,2016-01-01,
AR,M2,General Management,ARS,960000.0,1200000.0,1440000.0,2016-01-01,
AR,M3,Software Engineering,ARS,1585920.0,1982400.0,2378880.0,2016-01-01,
AR,M3,Data,ARS,1545600.0,1932000.0,2318400.0,2016-01-01,
AR,M3,Product Management,ARS,1505280.0,1881600.0,2257920.0,2016-01-01,
AR,M3,Design,ARS,1411200.0,1764000.0,2116800.0,2016-01-01,
AR,M3,Store Operations,ARS,1236480.0,1545600.0,1854720.0,2016-01-01,
AR,M3,Sales,ARS,1344000.0,1680000.0,2016000.0,2016-01-01,
AR,M3,Logistics,ARS,1344000.0,1680000.0,2016000.0,2016-01-01,
AR,M3,Warehouse,ARS,1209600.0,1512000.0,1814400.0,2016-01-01,
AR,M3,Customer Support,ARS,1182720.0,1478400.0,1774080.0,2016-01-01,
AR,M3,Marketing,ARS,1344000.0,1680000.0,2016000.0,2016-01-01,
AR,M3,Finance,ARS,1344000.0,1680000.0,2016000.0,2016-01-01,
AR,M3,People,ARS,1344000.0,1680000.0,2016000.0,2016-01-01,
AR,M3,Legal,ARS,1344000.0,1680000.0,2016000.0,2016-01-01,
AR,M3,Procurement,ARS,1344000.0,1680000.0,2016000.0,2016-01-01,
AR,M3,Risk & Compliance,ARS,1344000.0,1680000.0,2016000.0,2016-01-01,
AR,M3,Strategy,ARS,1344000.0,1680000.0,2016000.0,2016-01-01,
AR,M3,Marketplace Operations,ARS,1344000.0,1680000.0,2016000.0,2016-01-01,
AR,M3,General Management,ARS,1344000.0,1680000.0,2016000.0,2016-01-01,
AR,M4,Software Engineering,ARS,2190080.0,2737600.0,3285120.0,2016-01-01,
AR,M4,Data,ARS,2134400.0,2668000.0,3201600.0,2016-01-01,
AR,M4,Product Management,ARS,2078720.0,2598400.0,3118080.0,2016-01-01,
AR,M4,Design,ARS,1948800.0,2436000.0,2923200.0,2016-01-01,
AR,M4,Store Operations,ARS,1707520.0,2134400.0,2561280.0,2016-01-01,
AR,M4,Sales,ARS,1856000.0,2320000.0,2784000.0,2016-01-01,
AR,M4,Logistics,ARS,1856000.0,2320000.0,2784000.0,2016-01-01,
AR,M4,Warehouse,ARS,1670400.0,2088000.0,2505600.0,2016-01-01,
AR,M4,Customer Support,ARS,1633280.0,2041600.0,2449920.0,2016-01-01,
AR,M4,Marketing,ARS,1856000.0,2320000.0,2784000.0,2016-01-01,
AR,M4,Finance,ARS,1856000.0,2320000.0,2784000.0,2016-01-01,
AR,M4,People,ARS,1856000.0,2320000.0,2784000.0,2016-01-01,
AR,M4,Legal,ARS,1856000.0,2320000.0,2784000.0,2016-01-01,
AR,M4,Procurement,ARS,1856000.0,2320000.0,2784000.0,2016-01-01,
AR,M4,Risk & Compliance,ARS,1856000.0,2320000.0,2784000.0,2016-01-01,
AR,M4,Strategy,ARS,1856000.0,2320000.0,2784000.0,2016-01-01,
AR,M4,Marketplace Operations,ARS,1856000.0,2320000.0,2784000.0,2016-01-01,
AR,M4,General Management,ARS,1856000.0,2320000.0,2784000.0,2016-01-01,
AR,M5,Software Engineering,ARS,2832000.0,3540000.0,4248000.0,2016-01-01,
AR,M5,Data,ARS,2760000.0,3450000.0,4140000.0,2016-01-01,
AR,M5,Product Management,ARS,2688000.0,3360000.0,4032000.0,2016-01-01,
AR,M5,Design,ARS,2520000.0,3150000.0,3780000.0,2016-01-01,
AR,M5,Store Operations,ARS,2208000.0,2760000.0,3312000.0,2016-01-01,
AR,M5,Sales,ARS,2400000.0,3000000.0,3600000.0,2016-01-01,
AR,M5,Logistics,ARS,2400000.0,3000000.0,3600000.0,2016-01-01,
AR,M5,Warehouse,ARS,2160000.0,2700000.0,3240000.0,2016-01-01,
AR,M5,Customer Support,ARS,2112000.0,2640000.0,3168000.0,2016-01-01,
AR,M5,Marketing,ARS,2400000.0,3000000.0,3600000.0,2016-01-01,
AR,M5,Finance,ARS,2400000.0,3000000.0,3600000.0,2016-01-01,
AR,M5,People,ARS,2400000.0,3000000.0,3600000.0,2016-01-01,
AR,M5,Legal,ARS,2400000.0,3000000.0,3600000.0,2016-01-01,
AR,M5,Procurement,ARS,2400000.0,3000000.0,3600000.0,2016-01-01,
AR,M5,Risk & Compliance,ARS,2400000.0,3000000.0,3600000.0,2016-01-01,
AR,M5,Strategy,ARS,2400000.0,3000000.0,3600000.0,2016-01-01,
AR,M5,Marketplace Operations,ARS,2400000.0,3000000.0,3600000.0,2016-01-01,
AR,M5,General Management,ARS,2400000.0,3000000.0,3600000.0,2016-01-01,
AR,D1,Software Engineering,ARS,3587200.0,4484000.0,5380800.0,2016-01-01,
AR,D1,Data,ARS,3496000.0,4370000.0,5244000.0,2016-01-01,
AR,D1,Product Management,ARS,3404800.0,4256000.0,5107200.0,2016-01-01,
AR,D1,Design,ARS,3192000.0,3990000.0,4788000.0,2016-01-01,
AR,D1,Store Operations,ARS,2796800.0,3496000.0,4195200.0,2016-01-01,
AR,D1,Sales,ARS,3040000.0,3800000.0,4560000.0,2016-01-01,
AR,D1,Logistics,ARS,3040000.0,3800000.0,4560000.0,2016-01-01,
AR,D1,Warehouse,ARS,2736000.0,3420000.0,4104000.0,2016-01-01,
AR,D1,Customer Support,ARS,2675200.0,3344000.0,4012800.0,2016-01-01,
AR,D1,Marketing,ARS,3040000.0,3800000.0,4560000.0,2016-01-01,
AR,D1,Finance,ARS,3040000.0,3800000.0,4560000.0,2016-01-01,
AR,D1,People,ARS,3040000.0,3800000.0,4560000.0,2016-01-01,
AR,D1,Legal,ARS,3040000.0,3800000.0,4560000.0,2016-01-01,
AR,D1,Procurement,ARS,3040000.0,3800000.0,4560000.0,2016-01-01,
AR,D1,Risk & Compliance,ARS,3040000.0,3800000.0,4560000.0,2016-01-01,
AR,D1,Strategy,ARS,3040000.0,3800000.0,4560000.0,2016-01-01,
AR,D1,Marketplace Operations,ARS,3040000.0,3800000.0,4560000.0,2016-01-01,
AR,D1,General Management,ARS,3040000.0,3800000.0,4560000.0,2016-01-01,
AR,D2,Software Engineering,ARS,4908800.0,6136000.0,7363200.0,2016-01-01,
AR,D2,Data,ARS,4784000.0,5980000.0,7176000.0,2016-01-01,
AR,D2,Product Management,ARS,4659200.0,5824000.0,6988800.0,2016-01-01,
AR,D2,Design,ARS,4368000.0,5460000.0,6552000.0,2016-01-01,
AR,D2,Store Operations,ARS,3827200.0,4784000.0,5740800.0,2016-01-01,
AR,D2,Sales,ARS,4160000.0,5200000.0,6240000.0,2016-01-01,
AR,D2,Logistics,ARS,4160000.0,5200000.0,6240000.0,2016-01-01,
AR,D2,Warehouse,ARS,3744000.0,4680000.0,5616000.0,2016-01-01,
AR,D2,Customer Support,ARS,3660800.0,4576000.0,5491200.0,2016-01-01,
AR,D2,Marketing,ARS,4160000.0,5200000.0,6240000.0,2016-01-01,
AR,D2,Finance,ARS,4160000.0,5200000.0,6240000.0,2016-01-01,
AR,D2,People,ARS,4160000.0,5200000.0,6240000.0,2016-01-01,
AR,D2,Legal,ARS,4160000.0,5200000.0,6240000.0,2016-01-01,
AR,D2,Procurement,ARS,4160000.0,5200000.0,6240000.0,2016-01-01,
AR,D2,Risk & Compliance,ARS,4160000.0,5200000.0,6240000.0,2016-01-01,
AR,D2,Strategy,ARS,4160000.0,5200000.0,6240000.0,2016-01-01,
AR,D2,Marketplace Operations,ARS,4160000.0,5200000.0,6240000.0,2016-01-01,
AR,D2,General Management,ARS,4160000.0,5200000.0,6240000.0,2016-01-01,
AR,D3,Software Engineering,ARS,7174400.0,8968000.0,10761600.0,2016-01-01,
AR,D3,Data,ARS,6992000.0,8740000.0,10488000.0,2016-01-01,
AR,D3,Product Management,ARS,6809600.0,8512000.0,10214400.0,2016-01-01,
AR,D3,Design,ARS,6384000.0,7980000.0,9576000.0,2016-01-01,
AR,D3,Store Operations,ARS,5593600.0,6992000.0,8390400.0,2016-01-01,
AR,D3,Sales,ARS,6080000.0,7600000.0,9120000.0,2016-01-01,
AR,D3,Logistics,ARS,6080000.0,7600000.0,9120000.0,2016-01-01,
AR,D3,Warehouse,ARS,5472000.0,6840000.0,8208000.0,2016-01-01,
AR,D3,Customer Support,ARS,5350400.0,6688000.0,8025600.0,2016-01-01,
AR,D3,Marketing,ARS,6080000.0,7600000.0,9120000.0,2016-01-01,
AR,D3,Finance,ARS,6080000.0,7600000.0,9120000.0,2016-01-01,
AR,D3,People,ARS,6080000.0,7600000.0,9120000.0,2016-01-01,
AR,D3,Legal,ARS,6080000.0,7600000.0,9120000.0,2016-01-01,
AR,D3,Procurement,ARS,6080000.0,7600000.0,9120000.0,2016-01-01,
AR,D3,Risk & Compliance,ARS,6080000.0,7600000.0,9120000.0,2016-01-01,
AR,D3,Strategy,ARS,6080000.0,7600000.0,9120000.0,2016-01-01,
AR,D3,Marketplace Operations,ARS,6080000.0,7600000.0,9120000.0,2016-01-01,
AR,D3,General Management,ARS,6080000.0,7600000.0,9120000.0,2016-01-01,
CL,IC1,Software Engineering,CLP,660800.0,826000.0,991200.0,2016-01-01,
CL,IC1,Data,CLP,644000.0,805000.0,966000.0,2016-01-01,
CL,IC1,Product Management,CLP,627200.0,784000.0,940800.0,2016-01-01,
CL,IC1,Design,CLP,588000.0,735000.0,882000.0,2016-01-01,
CL,IC1,Store Operations,CLP,515200.0,644000.0,772800.0,2016-01-01,
CL,IC1,Sales,CLP,560000.0,700000.0,840000.0,2016-01-01,
CL,IC1,Logistics,CLP,560000.0,700000.0,840000.0,2016-01-01,
CL,IC1,Warehouse,CLP,504000.0,630000.0,756000.0,2016-01-01,
CL,IC1,Customer Support,CLP,492800.0,616000.0,739200.0,2016-01-01,
CL,IC1,Marketing,CLP,560000.0,700000.0,840000.0,2016-01-01,
CL,IC1,Finance,CLP,560000.0,700000.0,840000.0,2016-01-01,
CL,IC1,People,CLP,560000.0,700000.0,840000.0,2016-01-01,
CL,IC1,Legal,CLP,560000.0,700000.0,840000.0,2016-01-01,
CL,IC1,Procurement,CLP,560000.0,700000.0,840000.0,2016-01-01,
CL,IC1,Risk & Compliance,CLP,560000.0,700000.0,840000.0,2016-01-01,
CL,IC1,Strategy,CLP,560000.0,700000.0,840000.0,2016-01-01,
CL,IC1,Marketplace Operations,CLP,560000.0,700000.0,840000.0,2016-01-01,
CL,IC1,General Management,CLP,560000.0,700000.0,840000.0,2016-01-01,
CL,IC2,Software Engineering,CLP,892080.0,1115100.0,1338120.0,2016-01-01,
CL,IC2,Data,CLP,869400.0,1086750.0,1304100.0,2016-01-01,
CL,IC2,Product Management,CLP,846720.0,1058400.0,1270080.0,2016-01-01,
CL,IC2,Design,CLP,793800.0,992250.0,1190700.0,2016-01-01,
CL,IC2,Store Operations,CLP,695520.0,869400.0,1043280.0,2016-01-01,
CL,IC2,Sales,CLP,756000.0,945000.0,1134000.0,2016-01-01,
CL,IC2,Logistics,CLP,756000.0,945000.0,1134000.0,2016-01-01,
CL,IC2,Warehouse,CLP,680400.0,850500.0,1020600.0,2016-01-01,
CL,IC2,Customer Support,CLP,665280.0,831600.0,997920.0,2016-01-01,
CL,IC2,Marketing,CLP,756000.0,945000.0,1134000.0,2016-01-01,
CL,IC2,Finance,CLP,756000.0,945000.0,1134000.0,2016-01-01,
CL,IC2,People,CLP,756000.0,945000.0,1134000.0,2016-01-01,
CL,IC2,Legal,CLP,756000.0,945000.0,1134000.0,2016-01-01,
CL,IC2,Procurement,CLP,756000.0,945000.0,1134000.0,2016-01-01,
CL,IC2,Risk & Compliance,CLP,756000.0,945000.0,1134000.0,2016-01-01,
CL,IC2,Strategy,CLP,756000.0,945000.0,1134000.0,2016-01-01,
CL,IC2,Marketplace Operations,CLP,756000.0,945000.0,1134000.0,2016-01-01,
CL,IC2,General Management,CLP,756000.0,945000.0,1134000.0,2016-01-01,
CL,IC3,Software Engineering,CLP,1222480.0,1528100.0,1833720.0,2016-01-01,
CL,IC3,Data,CLP,1191400.0,1489250.0,1787100.0,2016-01-01,
CL,IC3,Product Management,CLP,1160320.0,1450400.0,1740480.0,2016-01-01,
CL,IC3,Design,CLP,1087800.0,1359750.0,1631700.0,2016-01-01,
CL,IC3,Store Operations,CLP,953120.0,1191400.0,1429680.0,2016-01-01,
CL,IC3,Sales,CLP,1036000.0,1295000.0,1554000.0,2016-01-01,
CL,IC3,Logistics,CLP,1036000.0,1295000.0,1554000.0,2016-01-01,
CL,IC3,Warehouse,CLP,932400.0,1165500.0,1398600.0,2016-01-01,
CL,IC3,Customer Support,CLP,911680.0,1139600.0,1367520.0,2016-01-01,
CL,IC3,Marketing,CLP,1036000.0,1295000.0,1554000.0,2016-01-01,
CL,IC3,Finance,CLP,1036000.0,1295000.0,1554000.0,2016-01-01,
CL,IC3,People,CLP,1036000.0,1295000.0,1554000.0,2016-01-01,
CL,IC3,Legal,CLP,1036000.0,1295000.0,1554000.0,2016-01-01,
CL,IC3,Procurement,CLP,1036000.0,1295000.0,1554000.0,2016-01-01,
CL,IC3,Risk & Compliance,CLP,1036000.0,1295000.0,1554000.0,2016-01-01,
CL,IC3,Strategy,CLP,1036000.0,1295000.0,1554000.0,2016-01-01,
CL,IC3,Marketplace Operations,CLP,1036000.0,1295000.0,1554000.0,2016-01-01,
CL,IC3,General Management,CLP,1036000.0,1295000.0,1554000.0,2016-01-01,
CL,IC4,Software Engineering,CLP,1685040.0,2106300.0,2527560.0,2016-01-01,
CL,IC4,Data,CLP,1642200.0,2052750.0,2463300.0,2016-01-01,
CL,IC4,Product Management,CLP,1599360.0,1999200.0,2399040.0,2016-01-01,
CL,IC4,Design,CLP,1499400.0,1874250.0,2249100.0,2016-01-01,
CL,IC4,Store Operations,CLP,1313760.0,1642200.0,1970640.0,2016-01-01,
CL,IC4,Sales,CLP,1428000.0,1785000.0,2142000.0,2016-01-01,
CL,IC4,Logistics,CLP,1428000.0,1785000.0,2142000.0,2016-01-01,
CL,IC4,Warehouse,CLP,1285200.0,1606500.0,1927800.0,2016-01-01,
CL,IC4,Customer Support,CLP,1256640.0,1570800.0,1884960.0,2016-01-01,
CL,IC4,Marketing,CLP,1428000.0,1785000.0,2142000.0,2016-01-01,
CL,IC4,Finance,CLP,1428000.0,1785000.0,2142000.0,2016-01-01,
CL,IC4,People,CLP,1428000.0,1785000.0,2142000.0,2016-01-01,
CL,IC4,Legal,CLP,1428000.0,1785000.0,2142000.0,2016-01-01,
CL,IC4,Procurement,CLP,1428000.0,1785000.0,2142000.0,2016-01-01,
CL,IC4,Risk & Compliance,CLP,1428000.0,1785000.0,2142000.0,2016-01-01,
CL,IC4,Strategy,CLP,1428000.0,1785000.0,2142000.0,2016-01-01,
CL,IC4,Marketplace Operations,CLP,1428000.0,1785000.0,2142000.0,2016-01-01,
CL,IC4,General Management,CLP,1428000.0,1785000.0,2142000.0,2016-01-01,
CL,IC5,Software Engineering,CLP,2246720.0,2808400.0,3370080.0,2016-01-01,
CL,IC5,Data,CLP,2189600.0,2737000.0,3284400.0,2016-01-01,
CL,IC5,Product Management,CLP,2132480.0,2665600.0,3198720.0,2016-01-01,
CL,IC5,Design,CLP,1999200.0,2499000.0,2998800.0,2016-01-01,
CL,IC5,Store Operations,CLP,1751680.0,2189600.0,2627520.0,2016-01-01,
CL,IC5,Sales,CLP,1904000.0,2380000.0,2856000.0,2016-01-01,
CL,IC5,Logistics,CLP,1904000.0,2380000.0,2856000.0,2016-01-01,
CL,IC5,Warehouse,CLP,1713600.0,2142000.0,2570400.0,2016-01-01,
CL,IC5,Customer Support,CLP,1675520.0,2094400.0,2513280.0,2016-01-01,
CL,IC5,Marketing,CLP,1904000.0,2380000.0,2856000.0,2016-01-01,
CL,IC5,Finance,CLP,1904000.0,2380000.0,2856000.0,2016-01-01,
CL,IC5,People,CLP,1904000.0,2380000.0,2856000.0,2016-01-01,
CL,IC5,Legal,CLP,1904000.0,2380000.0,2856000.0,2016-01-01,
CL,IC5,Procurement,CLP,1904000.0,2380000.0,2856000.0,2016-01-01,
CL,IC5,Risk & Compliance,CLP,1904000.0,2380000.0,2856000.0,2016-01-01,
CL,IC5,Strategy,CLP,1904000.0,2380000.0,2856000.0,2016-01-01,
CL,IC5,Marketplace Operations,CLP,1904000.0,2380000.0,2856000.0,2016-01-01,
CL,IC5,General Management,CLP,1904000.0,2380000.0,2856000.0,2016-01-01,
CL,M1,Software Engineering,CLP,1453760.0,1817200.0,2180640.0,2016-01-01,
CL,M1,Data,CLP,1416800.0,1771000.0,2125200.0,2016-01-01,
CL,M1,Product Management,CLP,1379840.0,1724800.0,2069760.0,2016-01-01,
CL,M1,Design,CLP,1293600.0,1617000.0,1940400.0,2016-01-01,
CL,M1,Store Operations,CLP,1133440.0,1416800.0,1700160.0,2016-01-01,
CL,M1,Sales,CLP,1232000.0,1540000.0,1848000.0,2016-01-01,
CL,M1,Logistics,CLP,1232000.0,1540000.0,1848000.0,2016-01-01,
CL,M1,Warehouse,CLP,1108800.0,1386000.0,1663200.0,2016-01-01,
CL,M1,Customer Support,CLP,1084160.0,1355200.0,1626240.0,2016-01-01,
CL,M1,Marketing,CLP,1232000.0,1540000.0,1848000.0,2016-01-01,
CL,M1,Finance,CLP,1232000.0,1540000.0,1848000.0,2016-01-01,
CL,M1,People,CLP,1232000.0,1540000.0,1848000.0,2016-01-01,
CL,M1,Legal,CLP,1232000.0,1540000.0,1848000.0,2016-01-01,
CL,M1,Procurement,CLP,1232000.0,1540000.0,1848000.0,2016-01-01,
CL,M1,Risk & Compliance,CLP,1232000.0,1540000.0,1848000.0,2016-01-01,
CL,M1,Strategy,CLP,1232000.0,1540000.0,1848000.0,2016-01-01,
CL,M1,Marketplace Operations,CLP,1232000.0,1540000.0,1848000.0,2016-01-01,
CL,M1,General Management,CLP,1232000.0,1540000.0,1848000.0,2016-01-01,
CL,M2,Software Engineering,CLP,1982400.0,2478000.0,2973600.0,2016-01-01,
CL,M2,Data,CLP,1932000.0,2415000.0,2898000.0,2016-01-01,
CL,M2,Product Management,CLP,1881600.0,2352000.0,2822400.0,2016-01-01,
CL,M2,Design,CLP,1764000.0,2205000.0,2646000.0,2016-01-01,
CL,M2,Store Operations,CLP,1545600.0,1932000.0,2318400.0,2016-01-01,
CL,M2,Sales,CLP,1680000.0,2100000.0,2520000.0,2016-01-01,
CL,M2,Logistics,CLP,1680000.0,2100000.0,2520000.0,2016-01-01,
CL,M2,Warehouse,CLP,1512000.0,1890000.0,2268000.0,2016-01-01,
CL,M2,Customer Support,CLP,1478400.0,1848000.0,2217600.0,2016-01-01,
CL,M2,Marketing,CLP,1680000.0,2100000.0,2520000.0,2016-01-01,
CL,M2,Finance,CLP,1680000.0,2100000.0,2520000.0,2016-01-01,
CL,M2,People,CLP,1680000.0,2100000.0,2520000.0,2016-01-01,
CL,M2,Legal,CLP,1680000.0,2100000.0,2520000.0,2016-01-01,
CL,M2,Procurement,CLP,1680000.0,2100000.0,2520000.0,2016-01-01,
CL,M2,Risk & Compliance,CLP,1680000.0,2100000.0,2520000.0,2016-01-01,
CL,M2,Strategy,CLP,1680000.0,2100000.0,2520000.0,2016-01-01,
CL,M2,Marketplace Operations,CLP,1680000.0,2100000.0,2520000.0,2016-01-01,
CL,M2,General Management,CLP,1680000.0,2100000.0,2520000.0,2016-01-01,
CL,M3,Software Engineering,CLP,2775360.0,3469200.0,4163040.0,2016-01-01,
CL,M3,Data,CLP,2704800.0,3381000.0,4057200.0,2016-01-01,
CL,M3,Product Management,CLP,2634240.0,3292800.0,3951360.0,2016-01-01,
CL,M3,Design,CLP,2469600.0,3087000.0,3704400.0,2016-01-01,
CL,M3,Store Operations,CLP,2163840.0,2704800.0,3245760.0,2016-01-01,
CL,M3,Sales,CLP,2352000.0,2940000.0,3528000.0,2016-01-01,
CL,M3,Logistics,CLP,2352000.0,2940000.0,3528000.0,2016-01-01,
CL,M3,Warehouse,CLP,2116800.0,2646000.0,3175200.0,2016-01-01,
CL,M3,Customer Support,CLP,2069760.0,2587200.0,3104640.0,2016-01-01,
CL,M3,Marketing,CLP,2352000.0,2940000.0,3528000.0,2016-01-01,
CL,M3,Finance,CLP,2352000.0,2940000.0,3528000.0,2016-01-01,
CL,M3,People,CLP,2352000.0,2940000.0,3528000.0,2016-01-01,
CL,M3,Legal,CLP,2352000.0,2940000.0,3528000.0,2016-01-01,
CL,M3,Procurement,CLP,2352000.0,2940000.0,3528000.0,2016-01-01,
CL,M3,Risk & Compliance,CLP,2352000.0,2940000.0,3528000.0,2016-01-01,
CL,M3,Strategy,CLP,2352000.0,2940000.0,3528000.0,2016-01-01,
CL,M3,Marketplace Operations,CLP,2352000.0,2940000.0,3528000.0,2016-01-01,
CL,M3,General Management,CLP,2352000.0,2940000.0,3528000.0,2016-01-01,
CL,M4,Software Engineering,CLP,3832640.0,4790800.0,5748960.0,2016-01-01,
CL,M4,Data,CLP,3735200.0,4669000.0,5602800.0,2016-01-01,
CL,M4,Product Management,CLP,3637760.0,4547200.0,5456640.0,2016-01-01,
CL,M4,Design,CLP,3410400.0,4263000.0,5115600.0,2016-01-01,
CL,M4,Store Operations,CLP,2988160.0,3735200.0,4482240.0,2016-01-01,
CL,M4,Sales,CLP,3248000.0,4060000.0,4872000.0,2016-01-01,
CL,M4,Logistics,CLP,3248000.0,4060000.0,4872000.0,2016-01-01,
CL,M4,Warehouse,CLP,2923200.0,3654000.0,4384800.0,2016-01-01,
CL,M4,Customer Support,CLP,2858240.0,3572800.0,4287360.0,2016-01-01,
CL,M4,Marketing,CLP,3248000.0,4060000.0,4872000.0,2016-01-01,
CL,M4,Finance,CLP,3248000.0,4060000.0,4872000.0,2016-01-01,
CL,M4,People,CLP,3248000.0,4060000.0,4872000.0,2016-01-01,
CL,M4,Legal,CLP,3248000.0,4060000.0,4872000.0,2016-01-01,
CL,M4,Procurement,CLP,3248000.0,4060000.0,4872000.0,2016-01-01,
CL,M4,Risk & Compliance,CLP,3248000.0,4060000.0,4872000.0,2016-01-01,
CL,M4,Strategy,CLP,3248000.0,4060000.0,4872000.0,2016-01-01,
CL,M4,Marketplace Operations,CLP,3248000.0,4060000.0,4872000.0,2016-01-01,
CL,M4,General Management,CLP,3248000.0,4060000.0,4872000.0,2016-01-01,
CL,M5,Software Engineering,CLP,4956000.0,6195000.0,7434000.0,2016-01-01,
CL,M5,Data,CLP,4830000.0,6037500.0,7245000.0,2016-01-01,
CL,M5,Product Management,CLP,4704000.0,5880000.0,7056000.0,2016-01-01,
CL,M5,Design,CLP,4410000.0,5512500.0,6615000.0,2016-01-01,
CL,M5,Store Operations,CLP,3864000.0,4830000.0,5796000.0,2016-01-01,
CL,M5,Sales,CLP,4200000.0,5250000.0,6300000.0,2016-01-01,
CL,M5,Logistics,CLP,4200000.0,5250000.0,6300000.0,2016-01-01,
CL,M5,Warehouse,CLP,3780000.0,4725000.0,5670000.0,2016-01-01,
CL,M5,Customer Support,CLP,3696000.0,4620000.0,5544000.0,2016-01-01,
CL,M5,Marketing,CLP,4200000.0,5250000.0,6300000.0,2016-01-01,
CL,M5,Finance,CLP,4200000.0,5250000.0,6300000.0,2016-01-01,
CL,M5,People,CLP,4200000.0,5250000.0,6300000.0,2016-01-01,
CL,M5,Legal,CLP,4200000.0,5250000.0,6300000.0,2016-01-01,
CL,M5,Procurement,CLP,4200000.0,5250000.0,6300000.0,2016-01-01,
CL,M5,Risk & Compliance,CLP,4200000.0,5250000.0,6300000.0,2016-01-01,
CL,M5,Strategy,CLP,4200000.0,5250000.0,6300000.0,2016-01-01,
CL,M5,Marketplace Operations,CLP,4200000.0,5250000.0,6300000.0,2016-01-01,
CL,M5,General Management,CLP,4200000.0,5250000.0,6300000.0,2016-01-01,
CL,D1,Software Engineering,CLP,6277600.0,7847000.0,9416400.0,2016-01-01,
CL,D1,Data,CLP,6118000.0,7647500.0,9177000.0,2016-01-01,
CL,D1,Product Management,CLP,5958400.0,7448000.0,8937600.0,2016-01-01,
CL,D1,Design,CLP,5586000.0,6982500.0,8379000.0,2016-01-01,
CL,D1,Store Operations,CLP,4894400.0,6118000.0,7341600.0,2016-01-01,
CL,D1,Sales,CLP,5320000.0,6650000.0,7980000.0,2016-01-01,
CL,D1,Logistics,CLP,5320000.0,6650000.0,7980000.0,2016-01-01,
CL,D1,Warehouse,CLP,4788000.0,5985000.0,7182000.0,2016-01-01,
CL,D1,Customer Support,CLP,4681600.0,5852000.0,7022400.0,2016-01-01,
CL,D1,Marketing,CLP,5320000.0,6650000.0,7980000.0,2016-01-01,
CL,D1,Finance,CLP,5320000.0,6650000.0,7980000.0,2016-01-01,
CL,D1,People,CLP,5320000.0,6650000.0,7980000.0,2016-01-01,
CL,D1,Legal,CLP,5320000.0,6650000.0,7980000.0,2016-01-01,
CL,D1,Procurement,CLP,5320000.0,6650000.0,7980000.0,2016-01-01,
CL,D1,Risk & Compliance,CLP,5320000.0,6650000.0,7980000.0,2016-01-01,
CL,D1,Strategy,CLP,5320000.0,6650000.0,7980000.0,2016-01-01,
CL,D1,Marketplace Operations,CLP,5320000.0,6650000.0,7980000.0,2016-01-01,
CL,D1,General Management,CLP,5320000.0,6650000.0,7980000.0,2016-01-01,
CL,D2,Software Engineering,CLP,8590400.0,10738000.0,12885600.0,2016-01-01,
CL,D2,Data,CLP,8372000.0,10465000.0,12558000.0,2016-01-01,
CL,D2,Product Management,CLP,8153600.0,10192000.0,12230400.0,2016-01-01,
CL,D2,Design,CLP,7644000.0,9555000.0,11466000.0,2016-01-01,
CL,D2,Store Operations,CLP,6697600.0,8372000.0,10046400.0,2016-01-01,
CL,D2,Sales,CLP,7280000.0,9100000.0,10920000.0,2016-01-01,
CL,D2,Logistics,CLP,7280000.0,9100000.0,10920000.0,2016-01-01,
CL,D2,Warehouse,CLP,6552000.0,8190000.0,9828000.0,2016-01-01,
CL,D2,Customer Support,CLP,6406400.0,8008000.0,9609600.0,2016-01-01,
CL,D2,Marketing,CLP,7280000.0,9100000.0,10920000.0,2016-01-01,
CL,D2,Finance,CLP,7280000.0,9100000.0,10920000.0,2016-01-01,
CL,D2,People,CLP,7280000.0,9100000.0,10920000.0,2016-01-01,
CL,D2,Legal,CLP,7280000.0,9100000.0,10920000.0,2016-01-01,
CL,D2,Procurement,CLP,7280000.0,9100000.0,10920000.0,2016-01-01,
CL,D2,Risk & Compliance,CLP,7280000.0,9100000.0,10920000.0,2016-01-01,
CL,D2,Strategy,CLP,7280000.0,9100000.0,10920000.0,2016-01-01,
CL,D2,Marketplace Operations,CLP,7280000.0,9100000.0,10920000.0,2016-01-01,
CL,D2,General Management,CLP,7280000.0,9100000.0,10920000.0,2016-01-01,
CL,D3,Software Engineering,CLP,12555200.0,15694000.0,18832800.0,2016-01-01,
CL,D3,Data,CLP,12236000.0,15295000.0,18354000.0,2016-01-01,
CL,D3,Product Management,CLP,11916800.0,14896000.0,17875200.0,2016-01-01,
CL,D3,Design,CLP,11172000.0,13965000.0,16758000.0,2016-01-01,
CL,D3,Store Operations,CLP,9788800.0,12236000.0,14683200.0,2016-01-01,
CL,D3,Sales,CLP,10640000.0,13300000.0,15960000.0,2016-01-01,
CL,D3,Logistics,CLP,10640000.0,13300000.0,15960000.0,2016-01-01,
CL,D3,Warehouse,CLP,9576000.0,11970000.0,14364000.0,2016-01-01,
CL,D3,Customer Support,CLP,9363200.0,11704000.0,14044800.0,2016-01-01,
CL,D3,Marketing,CLP,10640000.0,13300000.0,15960000.0,2016-01-01,
CL,D3,Finance,CLP,10640000.0,13300000.0,15960000.0,2016-01-01,
CL,D3,People,CLP,10640000.0,13300000.0,15960000.0,2016-01-01,
CL,D3,Legal,CLP,10640000.0,13300000.0,15960000.0,2016-01-01,
CL,D3,Procurement,CLP,10640000.0,13300000.0,15960000.0,2016-01-01,
CL,D3,Risk & Compliance,CLP,10640000.0,13300000.0,15960000.0,2016-01-01,
CL,D3,Strategy,CLP,10640000.0,13300000.0,15960000.0,2016-01-01,
CL,D3,Marketplace Operations,CLP,10640000.0,13300000.0,15960000.0,2016-01-01,
CL,D3,General Management,CLP,10640000.0,13300000.0,15960000.0,2016-01-01,
CO,IC1,Software Engineering,COP,1321600.0,1652000.0,1982400.0,2016-01-01,
CO,IC1,Data,COP,1288000.0,1610000.0,1932000.0,2016-01-01,
CO,IC1,Product Management,COP,1254400.0,1568000.0,1881600.0,2016-01-01,
CO,IC1,Design,COP,1176000.0,1470000.0,1764000.0,2016-01-01,
CO,IC1,Store Operations,COP,1030400.0,1288000.0,1545600.0,2016-01-01,
CO,IC1,Sales,COP,1120000.0,1400000.0,1680000.0,2016-01-01,
CO,IC1,Logistics,COP,1120000.0,1400000.0,1680000.0,2016-01-01,
CO,IC1,Warehouse,COP,1008000.0,1260000.0,1512000.0,2016-01-01,
CO,IC1,Customer Support,COP,985600.0,1232000.0,1478400.0,2016-01-01,
CO,IC1,Marketing,COP,1120000.0,1400000.0,1680000.0,2016-01-01,
CO,IC1,Finance,COP,1120000.0,1400000.0,1680000.0,2016-01-01,
CO,IC1,People,COP,1120000.0,1400000.0,1680000.0,2016-01-01,
CO,IC1,Legal,COP,1120000.0,1400000.0,1680000.0,2016-01-01,
CO,IC1,Procurement,COP,1120000.0,1400000.0,1680000.0,2016-01-01,
CO,IC1,Risk & Compliance,COP,1120000.0,1400000.0,1680000.0,2016-01-01,
CO,IC1,Strategy,COP,1120000.0,1400000.0,1680000.0,2016-01-01,
CO,IC1,Marketplace Operations,COP,1120000.0,1400000.0,1680000.0,2016-01-01,
CO,IC1,General Management,COP,1120000.0,1400000.0,1680000.0,2016-01-01,
CO,IC2,Software Engineering,COP,1784160.0,2230200.0,2676240.0,2016-01-01,
CO,IC2,Data,COP,1738800.0,2173500.0,2608200.0,2016-01-01,
CO,IC2,Product Management,COP,1693440.0,2116800.0,2540160.0,2016-01-01,
CO,IC2,Design,COP,1587600.0,1984500.0,2381400.0,2016-01-01,
CO,IC2,Store Operations,COP,1391040.0,1738800.0,2086560.0,2016-01-01,
CO,IC2,Sales,COP,1512000.0,1890000.0,2268000.0,2016-01-01,
CO,IC2,Logistics,COP,1512000.0,1890000.0,2268000.0,2016-01-01,
CO,IC2,Warehouse,COP,1360800.0,1701000.0,2041200.0,2016-01-01,
CO,IC2,Customer Support,COP,1330560.0,1663200.0,1995840.0,2016-01-01,
CO,IC2,Marketing,COP,1512000.0,1890000.0,2268000.0,2016-01-01,
CO,IC2,Finance,COP,1512000.0,1890000.0,2268000.0,2016-01-01,
CO,IC2,People,COP,1512000.0,1890000.0,2268000.0,2016-01-01,
CO,IC2,Legal,COP,1512000.0,1890000.0,2268000.0,2016-01-01,
CO,IC2,Procurement,COP,1512000.0,1890000.0,2268000.0,2016-01-01,
CO,IC2,Risk & Compliance,COP,1512000.0,1890000.0,2268000.0,2016-01-01,
CO,IC2,Strategy,COP,1512000.0,1890000.0,2268000.0,2016-01-01,
CO,IC2,Marketplace Operations,COP,1512000.0,1890000.0,2268000.0,2016-01-01,
CO,IC2,General Management,COP,1512000.0,1890000.0,2268000.0,2016-01-01,
CO,IC3,Software Engineering,COP,2444960.0,3056200.0,3667440.0,2016-01-01,
CO,IC3,Data,COP,2382800.0,2978500.0,3574200.0,2016-01-01,
CO,IC3,Product Management,COP,2320640.0,2900800.0,3480960.0,2016-01-01,
CO,IC3,Design,COP,2175600.0,2719500.0,3263400.0,2016-01-01,
CO,IC3,Store Operations,COP,1906240.0,2382800.0,2859360.0,2016-01-01,
CO,IC3,Sales,COP,2072000.0,2590000.0,3108000.0,2016-01-01,
CO,IC3,Logistics,COP,2072000.0,2590000.0,3108000.0,2016-01-01,
CO,IC3,Warehouse,COP,1864800.0,2331000.0,2797200.0,2016-01-01,
CO,IC3,Customer Support,COP,1823360.0,2279200.0,2735040.0,2016-01-01,
CO,IC3,Marketing,COP,2072000.0,2590000.0,3108000.0,2016-01-01,
CO,IC3,Finance,COP,2072000.0,2590000.0,3108000.0,2016-01-01,
CO,IC3,People,COP,2072000.0,2590000.0,3108000.0,2016-01-01,
CO,IC3,Legal,COP,2072000.0,2590000.0,3108000.0,2016-01-01,
CO,IC3,Procurement,COP,2072000.0,2590000.0,3108000.0,2016-01-01,
CO,IC3,Risk & Compliance,COP,2072000.0,2590000.0,3108000.0,2016-01-01,
CO,IC3,Strategy,COP,2072000.0,2590000.0,3108000.0,2016-01-01,
CO,IC3,Marketplace Operations,COP,2072000.0,2590000.0,3108000.0,2016-01-01,
CO,IC3,General Management,COP,2072000.0,2590000.0,3108000.0,2016-01-01,
CO,IC4,Software Engineering,COP,3370080.0,4212600.0,5055120.0,2016-01-01,
CO,IC4,Data,COP,3284400.0,4105500.0,4926600.0,2016-01-01,
CO,IC4,Product Management,COP,3198720.0,3998400.0,4798080.0,2016-01-01,
CO,IC4,Design,COP,2998800.0,3748500.0,4498200.0,2016-01-01,
CO,IC4,Store Operations,COP,2627520.0,3284400.0,3941280.0,2016-01-01,
CO,IC4,Sales,COP,2856000.0,3570000.0,4284000.0,2016-01-01,
CO,IC4,Logistics,COP,2856000.0,3570000.0,4284000.0,2016-01-01,
CO,IC4,Warehouse,COP,2570400.0,3213000.0,3855600.0,2016-01-01,
CO,IC4,Customer Support,COP,2513280.0,3141600.0,3769920.0,2016-01-01,
CO,IC4,Marketing,COP,2856000.0,3570000.0,4284000.0,2016-01-01,
CO,IC4,Finance,COP,2856000.0,3570000.0,4284000.0,2016-01-01,
CO,IC4,People,COP,2856000.0,3570000.0,4284000.0,2016-01-01,
CO,IC4,Legal,COP,2856000.0,3570000.0,4284000.0,2016-01-01,
CO,IC4,Procurement,COP,2856000.0,3570000.0,4284000.0,2016-01-01,
CO,IC4,Risk & Compliance,COP,2856000.0,3570000.0,4284000.0,2016-01-01,
CO,IC4,Strategy,COP,2856000.0,3570000.0,4284000.0,2016-01-01,
CO,IC4,Marketplace Operations,COP,2856000.0,3570000.0,4284000.0,2016-01-01,
CO,IC4,General Management,COP,2856000.0,3570000.0,4284000.0,2016-01-01,
CO,IC5,Software Engineering,COP,4493440.0,5616800.0,6740160.0,2016-01-01,
CO,IC5,Data,COP,4379200.0,5474000.0,6568800.0,2016-01-01,
CO,IC5,Product Management,COP,4264960.0,5331200.0,6397440.0,2016-01-01,
CO,IC5,Design,COP,3998400.0,4998000.0,5997600.0,2016-01-01,
CO,IC5,Store Operations,COP,3503360.0,4379200.0,5255040.0,2016-01-01,
CO,IC5,Sales,COP,3808000.0,4760000.0,5712000.0,2016-01-01,
CO,IC5,Logistics,COP,3808000.0,4760000.0,5712000.0,2016-01-01,
CO,IC5,Warehouse,COP,3427200.0,4284000.0,5140800.0,2016-01-01,
CO,IC5,Customer Support,COP,3351040.0,4188800.0,5026560.0,2016-01-01,
CO,IC5,Marketing,COP,3808000.0,4760000.0,5712000.0,2016-01-01,
CO,IC5,Finance,COP,3808000.0,4760000.0,5712000.0,2016-01-01,
CO,IC5,People,COP,3808000.0,4760000.0,5712000.0,2016-01-01,
CO,IC5,Legal,COP,3808000.0,4760000.0,5712000.0,2016-01-01,
CO,IC5,Procurement,COP,3808000.0,4760000.0,5712000.0,2016-01-01,
CO,IC5,Risk & Compliance,COP,3808000.0,4760000.0,5712000.0,2016-01-01,
CO,IC5,Strategy,COP,3808000.0,4760000.0,5712000.0,2016-01-01,
CO,IC5,Marketplace Operations,COP,3808000.0,4760000.0,5712000.0,2016-01-01,
CO,IC5,General Management,COP,3808000.0,4760000.0,5712000.0,2016-01-01,
CO,M1,Software Engineering,COP,2907520.0,3634400.0,4361280.0,2016-01-01,
CO,M1,Data,COP,2833600.0,3542000.0,4250400.0,2016-01-01,
CO,M1,Product Management,COP,2759680.0,3449600.0,4139520.0,2016-01-01,
CO,M1,Design,COP,2587200.0,3234000.0,3880800.0,2016-01-01,
CO,M1,Store Operations,COP,2266880.0,2833600.0,3400320.0,2016-01-01,
CO,M1,Sales,COP,2464000.0,3080000.0,3696000.0,2016-01-01,
CO,M1,Logistics,COP,2464000.0,3080000.0,3696000.0,2016-01-01,
CO,M1,Warehouse,COP,2217600.0,2772000.0,3326400.0,2016-01-01,
CO,M1,Customer Support,COP,2168320.0,2710400.0,3252480.0,2016-01-01,
CO,M1,Marketing,COP,2464000.0,3080000.0,3696000.0,2016-01-01,
CO,M1,Finance,COP,2464000.0,3080000.0,3696000.0,2016-01-01,
CO,M1,People,COP,2464000.0,3080000.0,3696000.0,2016-01-01,
CO,M1,Legal,COP,2464000.0,3080000.0,3696000.0,2016-01-01,
CO,M1,Procurement,COP,2464000.0,3080000.0,3696000.0,2016-01-01,
CO,M1,Risk & Compliance,COP,2464000.0,3080000.0,3696000.0,2016-01-01,
CO,M1,Strategy,COP,2464000.0,3080000.0,3696000.0,2016-01-01,
CO,M1,Marketplace Operations,COP,2464000.0,3080000.0,3696000.0,2016-01-01,
CO,M1,General Management,COP,2464000.0,3080000.0,3696000.0,2016-01-01,
CO,M2,Software Engineering,COP,3964800.0,4956000.0,5947200.0,2016-01-01,
CO,M2,Data,COP,3864000.0,4830000.0,5796000.0,2016-01-01,
CO,M2,Product Management,COP,3763200.0,4704000.0,5644800.0,2016-01-01,
CO,M2,Design,COP,3528000.0,4410000.0,5292000.0,2016-01-01,
CO,M2,Store Operations,COP,3091200.0,3864000.0,4636800.0,2016-01-01,
CO,M2,Sales,COP,3360000.0,4200000.0,5040000.0,2016-01-01,
CO,M2,Logistics,COP,3360000.0,4200000.0,5040000.0,2016-01-01,
CO,M2,Warehouse,COP,3024000.0,3780000.0,4536000.0,2016-01-01,
CO,M2,Customer Support,COP,2956800.0,3696000.0,4435200.0,2016-01-01,
CO,M2,Marketing,COP,3360000.0,4200000.0,5040000.0,2016-01-01,
CO,M2,Finance,COP,3360000.0,4200000.0,5040000.0,2016-01-01,
CO,M2,People,COP,3360000.0,4200000.0,5040000.0,2016-01-01,
CO,M2,Legal,COP,3360000.0,4200000.0,5040000.0,2016-01-01,
CO,M2,Procurement,COP,3360000.0,4200000.0,5040000.0,2016-01-01,
CO,M2,Risk & Compliance,COP,3360000.0,4200000.0,5040000.0,2016-01-01,
CO,M2,Strategy,COP,3360000.0,4200000.0,5040000.0,2016-01-01,
CO,M2,Marketplace Operations,COP,3360000.0,4200000.0,5040000.0,2016-01-01,
CO,M2,General Management,COP,3360000.0,4200000.0,5040000.0,2016-01-01,
CO,M3,Software Engineering,COP,5550720.0,6938400.0,8326080.0,2016-01-01,
CO,M3,Data,COP,5409600.0,6762000.0,8114400.0,2016-01-01,
CO,M3,Product Management,COP,5268480.0,6585600.0,7902720.0,2016-01-01,
CO,M3,Design,COP,4939200.0,6174000.0,7408800.0,2016-01-01,
CO,M3,Store Operations,COP,4327680.0,5409600.0,6491520.0,2016-01-01,
CO,M3,Sales,COP,4704000.0,5880000.0,7056000.0,2016-01-01,
CO,M3,Logistics,COP,4704000.0,5880000.0,7056000.0,2016-01-01,
CO,M3,Warehouse,COP,4233600.0,5292000.0,6350400.0,2016-01-01,
CO,M3,Customer Support,COP,4139520.0,5174400.0,6209280.0,2016-01-01,
CO,M3,Marketing,COP,4704000.0,5880000.0,7056000.0,2016-01-01,
CO,M3,Finance,COP,4704000.0,5880000.0,7056000.0,2016-01-01,
CO,M3,People,COP,4704000.0,5880000.0,7056000.0,2016-01-01,
CO,M3,Legal,COP,4704000.0,5880000.0,7056000.0,2016-01-01,
CO,M3,Procurement,COP,4704000.0,5880000.0,7056000.0,2016-01-01,
CO,M3,Risk & Compliance,COP,4704000.0,5880000.0,7056000.0,2016-01-01,
CO,M3,Strategy,COP,4704000.0,5880000.0,7056000.0,2016-01-01,
CO,M3,Marketplace Operations,COP,4704000.0,5880000.0,7056000.0,2016-01-01,
CO,M3,General Management,COP,4704000.0,5880000.0,7056000.0,2016-01-01,
CO,M4,Software Engineering,COP,7665280.0,9581600.0,11497920.0,2016-01-01,
CO,M4,Data,COP,7470400.0,9338000.0,11205600.0,2016-01-01,
CO,M4,Product Management,COP,7275520.0,9094400.0,10913280.0,2016-01-01,
CO,M4,Design,COP,6820800.0,8526000.0,10231200.0,2016-01-01,
CO,M4,Store Operations,COP,5976320.0,7470400.0,8964480.0,2016-01-01,
CO,M4,Sales,COP,6496000.0,8120000.0,9744000.0,2016-01-01,
CO,M4,Logistics,COP,6496000.0,8120000.0,9744000.0,2016-01-01,
CO,M4,Warehouse,COP,5846400.0,7308000.0,8769600.0,2016-01-01,
CO,M4,Customer Support,COP,5716480.0,7145600.0,8574720.0,2016-01-01,
CO,M4,Marketing,COP,6496000.0,8120000.0,9744000.0,2016-01-01,
CO,M4,Finance,COP,6496000.0,8120000.0,9744000.0,2016-01-01,
CO,M4,People,COP,6496000.0,8120000.0,9744000.0,2016-01-01,
CO,M4,Legal,COP,6496000.0,8120000.0,9744000.0,2016-01-01,
CO,M4,Procurement,COP,6496000.0,8120000.0,9744000.0,2016-01-01,
CO,M4,Risk & Compliance,COP,6496000.0,8120000.0,9744000.0,2016-01-01,
CO,M4,Strategy,COP,6496000.0,8120000.0,9744000.0,2016-01-01,
CO,M4,Marketplace Operations,COP,6496000.0,8120000.0,9744000.0,2016-01-01,
CO,M4,General Management,COP,6496000.0,8120000.0,9744000.0,2016-01-01,
CO,M5,Software Engineering,COP,9912000.0,12390000.0,14868000.0,2016-01-01,
CO,M5,Data,COP,9660000.0,12075000.0,14490000.0,2016-01-01,
CO,M5,Product Management,COP,9408000.0,11760000.0,14112000.0,2016-01-01,
CO,M5,Design,COP,8820000.0,11025000.0,13230000.0,2016-01-01,
CO,M5,Store Operations,COP,7728000.0,9660000.0,11592000.0,2016-01-01,
CO,M5,Sales,COP,8400000.0,10500000.0,12600000.0,2016-01-01,
CO,M5,Logistics,COP,8400000.0,10500000.0,12600000.0,2016-01-01,
CO,M5,Warehouse,COP,7560000.0,9450000.0,11340000.0,2016-01-01,
CO,M5,Customer Support,COP,7392000.0,9240000.0,11088000.0,2016-01-01,
CO,M5,Marketing,COP,8400000.0,10500000.0,12600000.0,2016-01-01,
CO,M5,Finance,COP,8400000.0,10500000.0,12600000.0,2016-01-01,
CO,M5,People,COP,8400000.0,10500000.0,12600000.0,2016-01-01,
CO,M5,Legal,COP,8400000.0,10500000.0,12600000.0,2016-01-01,
CO,M5,Procurement,COP,8400000.0,10500000.0,12600000.0,2016-01-01,
CO,M5,Risk & Compliance,COP,8400000.0,10500000.0,12600000.0,2016-01-01,
CO,M5,Strategy,COP,8400000.0,10500000.0,12600000.0,2016-01-01,
CO,M5,Marketplace Operations,COP,8400000.0,10500000.0,12600000.0,2016-01-01,
CO,M5,General Management,COP,8400000.0,10500000.0,12600000.0,2016-01-01,
CO,D1,Software Engineering,COP,12555200.0,15694000.0,18832800.0,2016-01-01,
CO,D1,Data,COP,12236000.0,15295000.0,18354000.0,2016-01-01,
CO,D1,Product Management,COP,11916800.0,14896000.0,17875200.0,2016-01-01,
CO,D1,Design,COP,11172000.0,13965000.0,16758000.0,2016-01-01,
CO,D1,Store Operations,COP,9788800.0,12236000.0,14683200.0,2016-01-01,
CO,D1,Sales,COP,10640000.0,13300000.0,15960000.0,2016-01-01,
CO,D1,Logistics,COP,10640000.0,13300000.0,15960000.0,2016-01-01,
CO,D1,Warehouse,COP,9576000.0,11970000.0,14364000.0,2016-01-01,
CO,D1,Customer Support,COP,9363200.0,11704000.0,14044800.0,2016-01-01,
CO,D1,Marketing,COP,10640000.0,13300000.0,15960000.0,2016-01-01,
CO,D1,Finance,COP,10640000.0,13300000.0,15960000.0,2016-01-01,
CO,D1,People,COP,10640000.0,13300000.0,15960000.0,2016-01-01,
CO,D1,Legal,COP,10640000.0,13300000.0,15960000.0,2016-01-01,
CO,D1,Procurement,COP,10640000.0,13300000.0,15960000.0,2016-01-01,
CO,D1,Risk & Compliance,COP,10640000.0,13300000.0,15960000.0,2016-01-01,
CO,D1,Strategy,COP,10640000.0,13300000.0,15960000.0,2016-01-01,
CO,D1,Marketplace Operations,COP,10640000.0,13300000.0,15960000.0,2016-01-01,
CO,D1,General Management,COP,10640000.0,13300000.0,15960000.0,2016-01-01,
CO,D2,Software Engineering,COP,17180800.0,21476000.0,25771200.0,2016-01-01,
CO,D2,Data,COP,16744000.0,20930000.0,25116000.0,2016-01-01,
CO,D2,Product Management,COP,16307200.0,20384000.0,24460800.0,2016-01-01,
CO,D2,Design,COP,15288000.0,19110000.0,22932000.0,2016-01-01,
CO,D2,Store Operations,COP,13395200.0,16744000.0,20092800.0,2016-01-01,
CO,D2,Sales,COP,14560000.0,18200000.0,21840000.0,2016-01-01,
CO,D2,Logistics,COP,14560000.0,18200000.0,21840000.0,2016-01-01,
CO,D2,Warehouse,COP,13104000.0,16380000.0,19656000.0,2016-01-01,
CO,D2,Customer Support,COP,12812800.0,16016000.0,19219200.0,2016-01-01,
CO,D2,Marketing,COP,14560000.0,18200000.0,21840000.0,2016-01-01,
CO,D2,Finance,COP,14560000.0,18200000.0,21840000.0,2016-01-01,
CO,D2,People,COP,14560000.0,18200000.0,21840000.0,2016-01-01,
CO,D2,Legal,COP,14560000.0,18200000.0,21840000.0,2016-01-01,
CO,D2,Procurement,COP,14560000.0,18200000.0,21840000.0,2016-01-01,
CO,D2,Risk & Compliance,COP,14560000.0,18200000.0,21840000.0,2016-01-01,
CO,D2,Strategy,COP,14560000.0,18200000.0,21840000.0,2016-01-01,
CO,D2,Marketplace Operations,COP,14560000.0,18200000.0,21840000.0,2016-01-01,
CO,D2,General Management,COP,14560000.0,18200000.0,21840000.0,2016-01-01,
CO,D3,Software Engineering,COP,25110400.0,31388000.0,37665600.0,2016-01-01,
CO,D3,Data,COP,24472000.0,30590000.0,36708000.0,2016-01-01,
CO,D3,Product Management,COP,23833600.0,29792000.0,35750400.0,2016-01-01,
CO,D3,Design,COP,22344000.0,27930000.0,33516000.0,2016-01-01,
CO,D3,Store Operations,COP,19577600.0,24472000.0,29366400.0,2016-01-01,
CO,D3,Sales,COP,21280000.0,26600000.0,31920000.0,2016-01-01,
CO,D3,Logistics,COP,21280000.0,26600000.0,31920000.0,2016-01-01,
CO,D3,Warehouse,COP,19152000.0,23940000.0,28728000.0,2016-01-01,
CO,D3,Customer Support,COP,18726400.0,23408000.0,28089600.0,2016-01-01,
CO,D3,Marketing,COP,21280000.0,26600000.0,31920000.0,2016-01-01,
CO,D3,Finance,COP,21280000.0,26600000.0,31920000.0,2016-01-01,
CO,D3,People,COP,21280000.0,26600000.0,31920000.0,2016-01-01,
CO,D3,Legal,COP,21280000.0,26600000.0,31920000.0,2016-01-01,
CO,D3,Procurement,COP,21280000.0,26600000.0,31920000.0,2016-01-01,
CO,D3,Risk & Compliance,COP,21280000.0,26600000.0,31920000.0,2016-01-01,
CO,D3,Strategy,COP,21280000.0,26600000.0,31920000.0,2016-01-01,
CO,D3,Marketplace Operations,COP,21280000.0,26600000.0,31920000.0,2016-01-01,
CO,D3,General Management,COP,21280000.0,26600000.0,31920000.0,2016-01-01,
MX,IC1,Software Engineering,MXN,8496.0,10620.0,12744.0,2016-01-01,
MX,IC1,Data,MXN,8280.0,10350.0,12420.0,2016-01-01,
MX,IC1,Product Management,MXN,8064.0,10080.0,12096.0,2016-01-01,
MX,IC1,Design,MXN,7560.0,9450.0,11340.0,2016-01-01,
MX,IC1,Store Operations,MXN,6624.0,8280.0,9936.0,2016-01-01,
MX,IC1,Sales,MXN,7200.0,9000.0,10800.0,2016-01-01,
MX,IC1,Logistics,MXN,7200.0,9000.0,10800.0,2016-01-01,
MX,IC1,Warehouse,MXN,6480.0,8100.0,9720.0,2016-01-01,
MX,IC1,Customer Support,MXN,6336.0,7920.0,9504.0,2016-01-01,
MX,IC1,Marketing,MXN,7200.0,9000.0,10800.0,2016-01-01,
MX,IC1,Finance,MXN,7200.0,9000.0,10800.0,2016-01-01,
MX,IC1,People,MXN,7200.0,9000.0,10800.0,2016-01-01,
MX,IC1,Legal,MXN,7200.0,9000.0,10800.0,2016-01-01,
MX,IC1,Procurement,MXN,7200.0,9000.0,10800.0,2016-01-01,
MX,IC1,Risk & Compliance,MXN,7200.0,9000.0,10800.0,2016-01-01,
MX,IC1,Strategy,MXN,7200.0,9000.0,10800.0,2016-01-01,
MX,IC1,Marketplace Operations,MXN,7200.0,9000.0,10800.0,2016-01-01,
MX,IC1,General Management,MXN,7200.0,9000.0,10800.0,2016-01-01,
MX,IC2,Software Engineering,MXN,11469.6,14337.0,17204.4,2016-01-01,
MX,IC2,Data,MXN,11178.0,13972.5,16767.0,2016-01-01,
MX,IC2,Product Management,MXN,10886.4,13608.0,16329.6,2016-01-01,
MX,IC2,Design,MXN,10206.0,12757.5,15309.0,2016-01-01,
MX,IC2,Store Operations,MXN,8942.4,11178.0,13413.6,2016-01-01,
MX,IC2,Sales,MXN,9720.0,12150.0,14580.0,2016-01-01,
MX,IC2,Logistics,MXN,9720.0,12150.0,14580.0,2016-01-01,
MX,IC2,Warehouse,MXN,8748.0,10935.0,13122.0,2016-01-01,
MX,IC2,Customer Support,MXN,8553.6,10692.0,12830.4,2016-01-01,
MX,IC2,Marketing,MXN,9720.0,12150.0,14580.0,2016-01-01,
MX,IC2,Finance,MXN,9720.0,12150.0,14580.0,2016-01-01,
MX,IC2,People,MXN,9720.0,12150.0,14580.0,2016-01-01,
MX,IC2,Legal,MXN,9720.0,12150.0,14580.0,2016-01-01,
MX,IC2,Procurement,MXN,9720.0,12150.0,14580.0,2016-01-01,
MX,IC2,Risk & Compliance,MXN,9720.0,12150.0,14580.0,2016-01-01,
MX,IC2,Strategy,MXN,9720.0,12150.0,14580.0,2016-01-01,
MX,IC2,Marketplace Operations,MXN,9720.0,12150.0,14580.0,2016-01-01,
MX,IC2,General Management,MXN,9720.0,12150.0,14580.0,2016-01-01,
MX,IC3,Software Engineering,MXN,15717.6,19647.0,23576.4,2016-01-01,
MX,IC3,Data,MXN,15318.0,19147.5,22977.0,2016-01-01,
MX,IC3,Product Management,MXN,14918.4,18648.0,22377.6,2016-01-01,
MX,IC3,Design,MXN,13986.0,17482.5,20979.0,2016-01-01,
MX,IC3,Store Operations,MXN,12254.4,15318.0,18381.6,2016-01-01,
MX,IC3,Sales,MXN,13320.0,16650.0,19980.0,2016-01-01,
MX,IC3,Logistics,MXN,13320.0,16650.0,19980.0,2016-01-01,
MX,IC3,Warehouse,MXN,11988.0,14985.0,17982.0,2016-01-01,
MX,IC3,Customer Support,MXN,11721.6,14652.0,17582.4,2016-01-01,
MX,IC3,Marketing,MXN,13320.0,16650.0,19980.0,2016-01-01,
MX,IC3,Finance,MXN,13320.0,16650.0,19980.0,2016-01-01,
MX,IC3,People,MXN,13320.0,16650.0,19980.0,2016-01-01,
MX,IC3,Legal,MXN,13320.0,16650.0,19980.0,2016-01-01,
MX,IC3,Procurement,MXN,13320.0,16650.0,19980.0,2016-01-01,
MX,IC3,Risk & Compliance,MXN,13320.0,16650.0,19980.0,2016-01-01,
MX,IC3,Strategy,MXN,13320.0,16650.0,19980.0,2016-01-01,
MX,IC3,Marketplace Operations,MXN,13320.0,16650.0,19980.0,2016-01-01,
MX,IC3,General Management,MXN,13320.0,16650.0,19980.0,2016-01-01,
MX,IC4,Software Engineering,MXN,21664.8,27081.0,32497.2,2016-01-01,
MX,IC4,Data,MXN,21114.0,26392.5,31671.0,2016-01-01,
MX,IC4,Product Management,MXN,20563.2,25704.0,30844.8,2016-01-01,
MX,IC4,Design,MXN,19278.0,24097.5,28917.0,2016-01-01,
MX,IC4,Store Operations,MXN,16891.2,21114.0,25336.8,2016-01-01,
MX,IC4,Sales,MXN,18360.0,22950.0,27540.0,2016-01-01,
MX,IC4,Logistics,MXN,18360.0,22950.0,27540.0,2016-01-01,
MX,IC4,Warehouse,MXN,16524.0,20655.0,24786.0,2016-01-01,
MX,IC4,Customer Support,MXN,16156.8,20196.0,24235.2,2016-01-01,
MX,IC4,Marketing,MXN,18360.0,22950.0,27540.0,2016-01-01,
